component_id,component_name,shift_id,shift_date,shift_label,availability_pct,performance_pct,quality_pct,planned_duration_min,total_downtime_min,run_time_min,total_units,good_units,defective_units,rework_units,oee,oee_pct,oee_status,loss_availability_pp,loss_performance_pp,loss_quality_pp
1,Bearing,1,2026-07-20,DAY,100.0,100.0,98.0,480.0,0.0,480.0,999,979,12,8,0.97997997997998,98.0,WORLD_CLASS,0.0,0.0,2.0
1,Bearing,6,2026-07-20,SWING,100.0,93.85,97.89,480.0,0.0,480.0,901,882,12,7,0.91875,91.88,WORLD_CLASS,0.0,6.15,1.98
1,Bearing,11,2026-07-20,NIGHT,100.0,96.56,97.95,480.0,0.0,480.0,927,908,12,7,0.945833333333333,94.58,WORLD_CLASS,0.0,3.44,1.98
2,Shaft,2,2026-07-20,DAY,100.0,97.87,98.98,480.0,0.0,480.0,783,775,5,3,0.96875,96.87,WORLD_CLASS,0.0,2.13,1.0
2,Shaft,7,2026-07-20,SWING,95.91,92.67,98.87,480.0,19.64,460.36,711,703,5,3,0.87875,87.87,WORLD_CLASS,4.09,7.03,1.0
2,Shaft,12,2026-07-20,NIGHT,100.0,94.62,98.94,480.0,0.0,480.0,757,749,5,3,0.93625,93.62,WORLD_CLASS,0.0,5.38,1.0
3,"Motor Housing",3,2026-07-20,DAY,100.0,99.03,97.48,480.0,0.0,480.0,713,695,11,7,0.965277777777778,96.53,WORLD_CLASS,0.0,0.97,2.5
3,"Motor Housing",8,2026-07-20,SWING,100.0,99.44,97.49,480.0,0.0,480.0,716,698,11,7,0.969444444444444,96.94,WORLD_CLASS,0.0,0.56,2.5
3,"Motor Housing",13,2026-07-20,NIGHT,100.0,100.0,97.39,480.0,0.0,480.0,728,709,12,7,0.973901098901099,97.39,WORLD_CLASS,0.0,0.0,2.61
4,Coupling,4,2026-07-20,DAY,100.0,98.07,98.49,480.0,0.0,480.0,863,850,8,5,0.965909090909091,96.59,WORLD_CLASS,0.0,1.93,1.48
4,Coupling,9,2026-07-20,SWING,100.0,91.25,98.38,480.0,0.0,480.0,803,790,8,5,0.897727272727273,89.77,WORLD_CLASS,0.0,8.75,1.48
4,Coupling,14,2026-07-20,NIGHT,100.0,97.61,98.49,480.0,0.0,480.0,859,846,8,5,0.961363636363636,96.14,WORLD_CLASS,0.0,2.39,1.48
5,Gearbox,5,2026-07-20,DAY,100.0,98.91,97.0,480.0,0.0,480.0,633,614,12,7,0.959375,95.94,WORLD_CLASS,0.0,1.09,2.97
5,Gearbox,10,2026-07-20,SWING,100.0,95.0,96.88,480.0,0.0,480.0,608,589,12,7,0.9203125,92.03,WORLD_CLASS,0.0,5.0,2.97
5,Gearbox,15,2026-07-20,NIGHT,100.0,99.38,96.86,480.0,0.0,480.0,636,616,12,8,0.9625,96.25,WORLD_CLASS,0.0,0.62,3.12
1,Bearing,16,2026-07-21,DAY,96.33,94.84,97.95,480.0,17.62,462.38,877,859,11,7,0.894791666666667,89.48,WORLD_CLASS,3.67,4.98,1.87
1,Bearing,21,2026-07-21,SWING,95.93,100.0,97.97,480.0,19.55,460.45,936,917,12,7,0.939798455306268,93.98,WORLD_CLASS,4.07,0.0,1.95
1,Bearing,26,2026-07-21,NIGHT,100.0,100.0,97.96,480.0,0.0,480.0,978,958,12,8,0.979550102249489,97.96,WORLD_CLASS,0.0,0.0,2.04
2,Shaft,17,2026-07-21,DAY,95.48,96.09,98.91,480.0,21.69,458.31,734,726,5,3,0.9075,90.75,WORLD_CLASS,4.52,3.73,1.0
2,Shaft,22,2026-07-21,SWING,100.0,100.0,98.88,480.0,0.0,480.0,806,797,6,3,0.988833746898263,98.88,WORLD_CLASS,0.0,0.0,1.12
2,Shaft,27,2026-07-21,NIGHT,100.0,100.0,98.9,480.0,0.0,480.0,815,806,6,3,0.988957055214724,98.9,WORLD_CLASS,0.0,0.0,1.1
3,"Motor Housing",18,2026-07-21,DAY,100.0,100.0,97.42,480.0,0.0,480.0,737,718,12,7,0.974219810040706,97.42,WORLD_CLASS,0.0,0.0,2.58
3,"Motor Housing",23,2026-07-21,SWING,100.0,100.0,97.38,480.0,0.0,480.0,724,705,12,7,0.973756906077348,97.38,WORLD_CLASS,0.0,0.0,2.62
3,"Motor Housing",28,2026-07-21,NIGHT,100.0,98.61,97.46,480.0,0.0,480.0,710,692,11,7,0.961111111111111,96.11,WORLD_CLASS,0.0,1.39,2.5
4,Coupling,19,2026-07-21,DAY,100.0,100.0,98.44,480.0,0.0,480.0,895,881,9,5,0.984357541899441,98.44,WORLD_CLASS,0.0,0.0,1.56
4,Coupling,24,2026-07-21,SWING,100.0,100.0,98.42,480.0,0.0,480.0,949,934,9,6,0.984193888303477,98.42,WORLD_CLASS,0.0,0.0,1.58
4,Coupling,29,2026-07-21,NIGHT,100.0,93.98,98.43,480.0,0.0,480.0,827,814,8,5,0.925,92.5,WORLD_CLASS,0.0,6.02,1.48
5,Gearbox,20,2026-07-21,DAY,100.0,97.5,96.96,480.0,0.0,480.0,624,605,12,7,0.9453125,94.53,WORLD_CLASS,0.0,2.5,2.97
5,Gearbox,25,2026-07-21,SWING,100.0,97.81,96.96,480.0,0.0,480.0,626,607,12,7,0.9484375,94.84,WORLD_CLASS,0.0,2.19,2.97
5,Gearbox,30,2026-07-21,NIGHT,100.0,100.0,96.97,480.0,0.0,480.0,661,641,12,8,0.969742813918306,96.97,WORLD_CLASS,0.0,0.0,3.03
1,Bearing,31,2026-07-22,DAY,100.0,100.0,97.94,480.0,0.0,480.0,971,951,12,8,0.979402677651905,97.94,WORLD_CLASS,0.0,0.0,2.06
1,Bearing,36,2026-07-22,SWING,100.0,100.0,97.94,480.0,0.0,480.0,972,952,12,8,0.979423868312757,97.94,WORLD_CLASS,0.0,0.0,2.06
1,Bearing,41,2026-07-22,NIGHT,100.0,100.0,97.98,480.0,0.0,480.0,992,972,12,8,0.979838709677419,97.98,WORLD_CLASS,0.0,0.0,2.02
2,Shaft,32,2026-07-22,DAY,100.0,100.0,99.0,480.0,0.0,480.0,800,792,5,3,0.99,99.0,WORLD_CLASS,0.0,0.0,1.0
2,Shaft,37,2026-07-22,SWING,100.0,90.75,98.9,480.0,0.0,480.0,726,718,5,3,0.8975,89.75,WORLD_CLASS,0.0,9.25,1.0
2,Shaft,42,2026-07-22,NIGHT,100.0,98.38,98.98,480.0,0.0,480.0,787,779,5,3,0.97375,97.38,WORLD_CLASS,0.0,1.62,1.0
3,"Motor Housing",33,2026-07-22,DAY,100.0,99.86,97.5,480.0,0.0,480.0,719,701,11,7,0.973611111111111,97.36,WORLD_CLASS,0.0,0.14,2.5
3,"Motor Housing",38,2026-07-22,SWING,100.0,99.58,97.49,480.0,0.0,480.0,717,699,11,7,0.970833333333333,97.08,WORLD_CLASS,0.0,0.42,2.5
3,"Motor Housing",43,2026-07-22,NIGHT,100.0,97.36,97.43,480.0,0.0,480.0,701,683,11,7,0.948611111111111,94.86,WORLD_CLASS,0.0,2.64,2.5
4,Coupling,34,2026-07-22,DAY,100.0,99.89,98.41,480.0,0.0,480.0,879,865,9,5,0.982954545454545,98.3,WORLD_CLASS,0.0,0.11,1.59
4,Coupling,39,2026-07-22,SWING,100.0,92.27,98.4,480.0,0.0,480.0,812,799,8,5,0.907954545454545,90.8,WORLD_CLASS,0.0,7.73,1.48
4,Coupling,44,2026-07-22,NIGHT,100.0,100.0,98.44,480.0,0.0,480.0,900,886,9,5,0.984444444444444,98.44,WORLD_CLASS,0.0,0.0,1.56
5,Gearbox,35,2026-07-22,DAY,100.0,95.31,96.89,480.0,0.0,480.0,610,591,12,7,0.9234375,92.34,WORLD_CLASS,0.0,4.69,2.97
5,Gearbox,40,2026-07-22,SWING,100.0,97.97,96.97,480.0,0.0,480.0,627,608,12,7,0.95,95.0,WORLD_CLASS,0.0,2.03,2.97
5,Gearbox,45,2026-07-22,NIGHT,100.0,98.28,96.98,480.0,0.0,480.0,629,610,12,7,0.953125,95.31,WORLD_CLASS,0.0,1.72,2.97
1,Bearing,46,2026-07-23,DAY,100.0,97.71,97.97,480.0,0.0,480.0,938,919,12,7,0.957291666666667,95.73,WORLD_CLASS,0.0,2.29,1.98
1,Bearing,51,2026-07-23,SWING,100.0,93.75,98.0,480.0,0.0,480.0,900,882,11,7,0.91875,91.88,WORLD_CLASS,0.0,6.25,1.88
1,Bearing,56,2026-07-23,NIGHT,100.0,100.0,98.0,480.0,0.0,480.0,1050,1029,13,8,0.98,98.0,WORLD_CLASS,0.0,0.0,2.0
2,Shaft,47,2026-07-23,DAY,100.0,97.75,98.98,480.0,0.0,480.0,782,774,5,3,0.9675,96.75,WORLD_CLASS,0.0,2.25,1.0
2,Shaft,52,2026-07-23,SWING,100.0,100.0,98.91,480.0,0.0,480.0,822,813,6,3,0.989051094890511,98.91,WORLD_CLASS,0.0,0.0,1.09
2,Shaft,57,2026-07-23,NIGHT,100.0,91.25,98.9,480.0,0.0,480.0,730,722,5,3,0.9025,90.25,WORLD_CLASS,0.0,8.75,1.0
3,"Motor Housing",48,2026-07-23,DAY,93.82,100.0,97.38,480.0,29.65,450.35,724,705,12,7,0.913607130524862,91.36,WORLD_CLASS,6.18,0.0,2.46
3,"Motor Housing",53,2026-07-23,SWING,100.0,93.19,97.47,480.0,0.0,480.0,671,654,11,6,0.908333333333333,90.83,WORLD_CLASS,0.0,6.81,2.36
3,"Motor Housing",58,2026-07-23,NIGHT,100.0,100.0,97.37,480.0,0.0,480.0,761,741,12,8,0.973718791064389,97.37,WORLD_CLASS,0.0,0.0,2.63
4,Coupling,49,2026-07-23,DAY,100.0,100.0,98.45,480.0,0.0,480.0,906,892,9,5,0.984547461368653,98.45,WORLD_CLASS,0.0,0.0,1.55
4,Coupling,54,2026-07-23,SWING,100.0,100.0,98.44,480.0,0.0,480.0,898,884,9,5,0.984409799554566,98.44,WORLD_CLASS,0.0,0.0,1.56
4,Coupling,59,2026-07-23,NIGHT,100.0,100.0,98.46,480.0,0.0,480.0,912,898,9,5,0.984649122807018,98.46,WORLD_CLASS,0.0,0.0,1.54
5,Gearbox,50,2026-07-23,DAY,100.0,100.0,96.94,480.0,0.0,480.0,653,633,12,8,0.96937212863706,96.94,WORLD_CLASS,0.0,0.0,3.06
5,Gearbox,55,2026-07-23,SWING,100.0,94.06,96.84,480.0,0.0,480.0,602,583,12,7,0.9109375,91.09,WORLD_CLASS,0.0,5.94,2.97
5,Gearbox,60,2026-07-23,NIGHT,100.0,90.78,96.9,480.0,0.0,480.0,581,563,11,7,0.8796875,87.97,WORLD_CLASS,0.0,9.22,2.81
1,Bearing,61,2026-07-24,DAY,100.0,98.44,97.99,480.0,0.0,480.0,945,926,12,7,0.964583333333333,96.46,WORLD_CLASS,0.0,1.56,1.98
1,Bearing,66,2026-07-24,SWING,100.0,93.75,98.0,480.0,0.0,480.0,900,882,11,7,0.91875,91.88,WORLD_CLASS,0.0,6.25,1.88
1,Bearing,71,2026-07-24,NIGHT,100.0,98.54,97.99,480.0,0.0,480.0,946,927,12,7,0.965625,96.56,WORLD_CLASS,0.0,1.46,1.98
2,Shaft,62,2026-07-24,DAY,100.0,100.0,98.95,480.0,0.0,480.0,855,846,6,3,0.989473684210526,98.95,WORLD_CLASS,0.0,0.0,1.05
2,Shaft,67,2026-07-24,SWING,100.0,94.5,98.94,480.0,0.0,480.0,756,748,5,3,0.935,93.5,WORLD_CLASS,0.0,5.5,1.0
2,Shaft,72,2026-07-24,NIGHT,100.0,98.0,98.98,480.0,0.0,480.0,784,776,5,3,0.97,97.0,WORLD_CLASS,0.0,2.0,1.0
3,"Motor Housing",63,2026-07-24,DAY,100.0,100.0,97.49,480.0,0.0,480.0,758,739,12,7,0.974934036939314,97.49,WORLD_CLASS,0.0,0.0,2.51
3,"Motor Housing",68,2026-07-24,SWING,100.0,96.39,97.41,480.0,0.0,480.0,694,676,11,7,0.938888888888889,93.89,WORLD_CLASS,0.0,3.61,2.5
3,"Motor Housing",73,2026-07-24,NIGHT,100.0,100.0,97.44,480.0,0.0,480.0,741,722,12,7,0.974358974358974,97.44,WORLD_CLASS,0.0,0.0,2.56
4,Coupling,64,2026-07-24,DAY,100.0,91.36,98.38,480.0,0.0,480.0,804,791,8,5,0.898863636363636,89.89,WORLD_CLASS,0.0,8.64,1.48
4,Coupling,69,2026-07-24,SWING,100.0,100.0,98.43,480.0,0.0,480.0,958,943,9,6,0.984342379958246,98.43,WORLD_CLASS,0.0,0.0,1.57
4,Coupling,74,2026-07-24,NIGHT,100.0,100.0,98.46,480.0,0.0,480.0,907,893,9,5,0.984564498346196,98.46,WORLD_CLASS,0.0,0.0,1.54
5,Gearbox,65,2026-07-24,DAY,100.0,97.03,96.94,480.0,0.0,480.0,621,602,12,7,0.940625,94.06,WORLD_CLASS,0.0,2.97,2.97
5,Gearbox,70,2026-07-24,SWING,100.0,100.0,96.88,480.0,0.0,480.0,642,622,12,8,0.968847352024922,96.88,WORLD_CLASS,0.0,0.0,3.12
5,Gearbox,75,2026-07-24,NIGHT,100.0,95.0,96.88,480.0,0.0,480.0,608,589,12,7,0.9203125,92.03,WORLD_CLASS,0.0,5.0,2.97
1,Bearing,76,2026-07-25,DAY,100.0,100.0,97.96,480.0,0.0,480.0,1027,1006,13,8,0.979552093476144,97.96,WORLD_CLASS,0.0,0.0,2.04
1,Bearing,81,2026-07-25,SWING,100.0,97.92,97.98,480.0,0.0,480.0,940,921,12,7,0.959375,95.94,WORLD_CLASS,0.0,2.08,1.98
1,Bearing,86,2026-07-25,NIGHT,100.0,100.0,97.91,480.0,0.0,480.0,1006,985,13,8,0.979125248508946,97.91,WORLD_CLASS,0.0,0.0,2.09
2,Shaft,77,2026-07-25,DAY,100.0,94.25,98.94,480.0,0.0,480.0,754,746,5,3,0.9325,93.25,WORLD_CLASS,0.0,5.75,1.0
2,Shaft,82,2026-07-25,SWING,93.67,100.0,98.94,480.0,30.36,449.64,757,749,5,3,0.926850396301189,92.69,WORLD_CLASS,6.33,0.0,0.99
2,Shaft,87,2026-07-25,NIGHT,100.0,100.0,98.88,480.0,0.0,480.0,807,798,6,3,0.988847583643123,98.88,WORLD_CLASS,0.0,0.0,1.12
3,"Motor Housing",78,2026-07-25,DAY,100.0,98.19,97.45,480.0,0.0,480.0,707,689,11,7,0.956944444444444,95.69,WORLD_CLASS,0.0,1.81,2.5
3,"Motor Housing",83,2026-07-25,SWING,100.0,100.0,97.38,480.0,0.0,480.0,764,744,12,8,0.973821989528796,97.38,WORLD_CLASS,0.0,0.0,2.62
3,"Motor Housing",88,2026-07-25,NIGHT,100.0,100.0,97.43,480.0,0.0,480.0,740,721,12,7,0.974324324324324,97.43,WORLD_CLASS,0.0,0.0,2.57
4,Coupling,79,2026-07-25,DAY,100.0,100.0,98.44,480.0,0.0,480.0,896,882,9,5,0.984375,98.44,WORLD_CLASS,0.0,0.0,1.56
4,Coupling,84,2026-07-25,SWING,100.0,100.0,98.45,480.0,0.0,480.0,904,890,9,5,0.984513274336283,98.45,WORLD_CLASS,0.0,0.0,1.55
4,Coupling,89,2026-07-25,NIGHT,100.0,100.0,98.47,480.0,0.0,480.0,917,903,9,5,0.984732824427481,98.47,WORLD_CLASS,0.0,0.0,1.53
5,Gearbox,80,2026-07-25,DAY,100.0,100.0,96.97,480.0,0.0,480.0,692,671,13,8,0.969653179190751,96.97,WORLD_CLASS,0.0,0.0,3.03
5,Gearbox,85,2026-07-25,SWING,100.0,100.0,96.88,480.0,0.0,480.0,673,652,13,8,0.968796433878158,96.88,WORLD_CLASS,0.0,0.0,3.12
5,Gearbox,90,2026-07-25,NIGHT,100.0,99.53,96.86,480.0,0.0,480.0,637,617,12,8,0.9640625,96.41,WORLD_CLASS,0.0,0.47,3.12
1,Bearing,91,2026-07-26,DAY,100.0,100.0,97.97,480.0,0.0,480.0,1033,1012,13,8,0.979670861568248,97.97,WORLD_CLASS,0.0,0.0,2.03
1,Bearing,96,2026-07-26,SWING,100.0,96.35,97.95,480.0,0.0,480.0,925,906,12,7,0.94375,94.38,WORLD_CLASS,0.0,3.65,1.98
1,Bearing,101,2026-07-26,NIGHT,100.0,99.06,97.9,480.0,0.0,480.0,951,931,12,8,0.969791666666667,96.98,WORLD_CLASS,0.0,0.94,2.08
2,Shaft,92,2026-07-26,DAY,100.0,89.63,98.88,480.0,0.0,480.0,717,709,5,3,0.88625,88.63,WORLD_CLASS,0.0,10.38,1.0
2,Shaft,97,2026-07-26,SWING,100.0,100.0,98.89,480.0,0.0,480.0,812,803,6,3,0.988916256157635,98.89,WORLD_CLASS,0.0,0.0,1.11
2,Shaft,102,2026-07-26,NIGHT,100.0,99.0,98.99,480.0,0.0,480.0,792,784,5,3,0.98,98.0,WORLD_CLASS,0.0,1.0,1.0
3,"Motor Housing",93,2026-07-26,DAY,100.0,95.0,97.37,480.0,0.0,480.0,684,666,11,7,0.925,92.5,WORLD_CLASS,0.0,5.0,2.5
3,"Motor Housing",98,2026-07-26,SWING,100.0,100.0,97.49,480.0,0.0,480.0,756,737,12,7,0.974867724867725,97.49,WORLD_CLASS,0.0,0.0,2.51
3,"Motor Housing",103,2026-07-26,NIGHT,100.0,99.31,97.48,480.0,0.0,480.0,715,697,11,7,0.968055555555555,96.81,WORLD_CLASS,0.0,0.69,2.5
4,Coupling,94,2026-07-26,DAY,100.0,100.0,98.4,480.0,0.0,480.0,940,925,9,6,0.984042553191489,98.4,WORLD_CLASS,0.0,0.0,1.6
4,Coupling,99,2026-07-26,SWING,100.0,96.82,98.47,480.0,0.0,480.0,852,839,8,5,0.953409090909091,95.34,WORLD_CLASS,0.0,3.18,1.48
4,Coupling,104,2026-07-26,NIGHT,100.0,100.0,98.49,480.0,0.0,480.0,926,912,9,5,0.98488120950324,98.49,WORLD_CLASS,0.0,0.0,1.51
5,Gearbox,95,2026-07-26,DAY,100.0,100.0,96.93,480.0,0.0,480.0,651,631,12,8,0.969278033794163,96.93,WORLD_CLASS,0.0,0.0,3.07
5,Gearbox,100,2026-07-26,SWING,94.53,100.0,96.96,480.0,26.28,453.72,626,607,12,7,0.916560303514377,91.66,WORLD_CLASS,5.47,0.0,2.87
5,Gearbox,105,2026-07-26,NIGHT,100.0,94.06,96.84,480.0,0.0,480.0,602,583,12,7,0.9109375,91.09,WORLD_CLASS,0.0,5.94,2.97
1,Bearing,106,2026-07-27,DAY,100.0,97.81,97.98,480.0,0.0,480.0,939,920,12,7,0.958333333333333,95.83,WORLD_CLASS,0.0,2.19,1.98
1,Bearing,111,2026-07-27,SWING,100.0,99.69,97.91,480.0,0.0,480.0,957,937,12,8,0.976041666666667,97.6,WORLD_CLASS,0.0,0.31,2.08
1,Bearing,116,2026-07-27,NIGHT,100.0,94.69,97.91,480.0,0.0,480.0,909,890,12,7,0.927083333333333,92.71,WORLD_CLASS,0.0,5.31,1.98
2,Shaft,107,2026-07-27,DAY,96.78,100.0,99.0,480.0,15.47,464.53,797,789,5,3,0.958056696988708,95.81,WORLD_CLASS,3.22,0.0,0.97
2,Shaft,112,2026-07-27,SWING,100.0,98.87,98.99,480.0,0.0,480.0,791,783,5,3,0.97875,97.88,WORLD_CLASS,0.0,1.13,1.0
2,Shaft,117,2026-07-27,NIGHT,100.0,97.5,98.97,480.0,0.0,480.0,780,772,5,3,0.965,96.5,WORLD_CLASS,0.0,2.5,1.0
3,"Motor Housing",108,2026-07-27,DAY,100.0,93.47,97.47,480.0,0.0,480.0,673,656,11,6,0.911111111111111,91.11,WORLD_CLASS,0.0,6.53,2.36
3,"Motor Housing",113,2026-07-27,SWING,100.0,100.0,97.37,480.0,0.0,480.0,722,703,12,7,0.973684210526316,97.37,WORLD_CLASS,0.0,0.0,2.63
3,"Motor Housing",118,2026-07-27,NIGHT,100.0,92.5,97.45,480.0,0.0,480.0,666,649,11,6,0.901388888888889,90.14,WORLD_CLASS,0.0,7.5,2.36
4,Coupling,109,2026-07-27,DAY,100.0,91.7,98.39,480.0,0.0,480.0,807,794,8,5,0.902272727272727,90.23,WORLD_CLASS,0.0,8.3,1.48
4,Coupling,114,2026-07-27,SWING,100.0,94.77,98.44,480.0,0.0,480.0,834,821,8,5,0.932954545454545,93.3,WORLD_CLASS,0.0,5.23,1.48
4,Coupling,119,2026-07-27,NIGHT,100.0,97.5,98.48,480.0,0.0,480.0,858,845,8,5,0.960227272727273,96.02,WORLD_CLASS,0.0,2.5,1.48
5,Gearbox,110,2026-07-27,DAY,100.0,100.0,96.95,480.0,0.0,480.0,656,636,12,8,0.969512195121951,96.95,WORLD_CLASS,0.0,0.0,3.05
5,Gearbox,115,2026-07-27,SWING,100.0,100.0,96.88,480.0,0.0,480.0,704,682,14,8,0.96875,96.88,WORLD_CLASS,0.0,0.0,3.13
5,Gearbox,120,2026-07-27,NIGHT,100.0,100.0,96.94,480.0,0.0,480.0,686,665,13,8,0.969387755102041,96.94,WORLD_CLASS,0.0,0.0,3.06
1,Bearing,121,2026-07-28,DAY,100.0,99.69,97.91,480.0,0.0,480.0,957,937,12,8,0.976041666666667,97.6,WORLD_CLASS,0.0,0.31,2.08
1,Bearing,126,2026-07-28,SWING,100.0,93.44,97.99,480.0,0.0,480.0,897,879,11,7,0.915625,91.56,WORLD_CLASS,0.0,6.56,1.87
1,Bearing,131,2026-07-28,NIGHT,100.0,100.0,97.94,480.0,0.0,480.0,969,949,12,8,0.979360165118679,97.94,WORLD_CLASS,0.0,0.0,2.06
2,Shaft,122,2026-07-28,DAY,100.0,100.0,98.9,480.0,0.0,480.0,821,812,6,3,0.989037758830694,98.9,WORLD_CLASS,0.0,0.0,1.1
2,Shaft,127,2026-07-28,SWING,100.0,100.0,98.91,480.0,0.0,480.0,828,819,6,3,0.989130434782609,98.91,WORLD_CLASS,0.0,0.0,1.09
2,Shaft,132,2026-07-28,NIGHT,100.0,100.0,98.88,480.0,0.0,480.0,802,793,6,3,0.988778054862843,98.88,WORLD_CLASS,0.0,0.0,1.12
3,"Motor Housing",123,2026-07-28,DAY,100.0,97.22,97.43,480.0,0.0,480.0,700,682,11,7,0.947222222222222,94.72,WORLD_CLASS,0.0,2.78,2.5
3,"Motor Housing",128,2026-07-28,SWING,100.0,97.78,97.44,480.0,0.0,480.0,704,686,11,7,0.952777777777778,95.28,WORLD_CLASS,0.0,2.22,2.5
3,"Motor Housing",133,2026-07-28,NIGHT,100.0,95.14,97.37,480.0,0.0,480.0,685,667,11,7,0.926388888888889,92.64,WORLD_CLASS,0.0,4.86,2.5
4,Coupling,124,2026-07-28,DAY,100.0,100.0,98.43,480.0,0.0,480.0,956,941,9,6,0.984309623430962,98.43,WORLD_CLASS,0.0,0.0,1.57
4,Coupling,129,2026-07-28,SWING,100.0,100.0,98.45,480.0,0.0,480.0,903,889,9,5,0.984496124031008,98.45,WORLD_CLASS,0.0,0.0,1.55
4,Coupling,134,2026-07-28,NIGHT,100.0,92.16,98.4,480.0,0.0,480.0,811,798,8,5,0.906818181818182,90.68,WORLD_CLASS,0.0,7.84,1.48
5,Gearbox,125,2026-07-28,DAY,100.0,100.0,96.89,480.0,0.0,480.0,643,623,12,8,0.968895800933126,96.89,WORLD_CLASS,0.0,0.0,3.11
5,Gearbox,130,2026-07-28,SWING,100.0,100.0,96.88,480.0,0.0,480.0,642,622,12,8,0.968847352024922,96.88,WORLD_CLASS,0.0,0.0,3.12
5,Gearbox,135,2026-07-28,NIGHT,100.0,100.0,96.86,480.0,0.0,480.0,669,648,13,8,0.968609865470852,96.86,WORLD_CLASS,0.0,0.0,3.14
1,Bearing,136,2026-07-29,DAY,100.0,98.96,98.0,480.0,0.0,480.0,950,931,12,7,0.969791666666667,96.98,WORLD_CLASS,0.0,1.04,1.98
1,Bearing,141,2026-07-29,SWING,100.0,100.0,97.95,480.0,0.0,480.0,1023,1002,13,8,0.979472140762463,97.95,WORLD_CLASS,0.0,0.0,2.05
1,Bearing,146,2026-07-29,NIGHT,100.0,97.81,97.98,480.0,0.0,480.0,939,920,12,7,0.958333333333333,95.83,WORLD_CLASS,0.0,2.19,1.98
2,Shaft,137,2026-07-29,DAY,100.0,100.0,98.89,480.0,0.0,480.0,808,799,6,3,0.988861386138614,98.89,WORLD_CLASS,0.0,0.0,1.11
2,Shaft,142,2026-07-29,SWING,100.0,95.75,98.96,480.0,0.0,480.0,766,758,5,3,0.9475,94.75,WORLD_CLASS,0.0,4.25,1.0
2,Shaft,147,2026-07-29,NIGHT,98.96,98.53,98.97,480.0,5.0,475.0,780,772,5,3,0.965,96.5,WORLD_CLASS,1.04,1.46,1.0
3,"Motor Housing",138,2026-07-29,DAY,100.0,97.36,97.43,480.0,0.0,480.0,701,683,11,7,0.948611111111111,94.86,WORLD_CLASS,0.0,2.64,2.5
3,"Motor Housing",143,2026-07-29,SWING,100.0,97.64,97.44,480.0,0.0,480.0,703,685,11,7,0.951388888888889,95.14,WORLD_CLASS,0.0,2.36,2.5
3,"Motor Housing",148,2026-07-29,NIGHT,100.0,99.17,97.48,480.0,0.0,480.0,714,696,11,7,0.966666666666667,96.67,WORLD_CLASS,0.0,0.83,2.5
4,Coupling,139,2026-07-29,DAY,100.0,89.55,98.48,480.0,0.0,480.0,788,776,8,4,0.881818181818182,88.18,WORLD_CLASS,0.0,10.45,1.36
4,Coupling,144,2026-07-29,SWING,100.0,92.27,98.4,480.0,0.0,480.0,812,799,8,5,0.907954545454545,90.8,WORLD_CLASS,0.0,7.73,1.48
4,Coupling,149,2026-07-29,NIGHT,100.0,96.48,98.47,480.0,0.0,480.0,849,836,8,5,0.95,95.0,WORLD_CLASS,0.0,3.52,1.48
5,Gearbox,140,2026-07-29,DAY,100.0,93.28,96.98,480.0,0.0,480.0,597,579,11,7,0.9046875,90.47,WORLD_CLASS,0.0,6.72,2.81
5,Gearbox,145,2026-07-29,SWING,100.0,97.03,96.94,480.0,0.0,480.0,621,602,12,7,0.940625,94.06,WORLD_CLASS,0.0,2.97,2.97
5,Gearbox,150,2026-07-29,NIGHT,100.0,96.72,96.93,480.0,0.0,480.0,619,600,12,7,0.9375,93.75,WORLD_CLASS,0.0,3.28,2.97
1,Bearing,151,2026-07-30,DAY,100.0,99.58,97.91,480.0,0.0,480.0,956,936,12,8,0.975,97.5,WORLD_CLASS,0.0,0.42,2.08
1,Bearing,156,2026-07-30,SWING,100.0,100.0,97.93,480.0,0.0,480.0,964,944,12,8,0.979253112033195,97.93,WORLD_CLASS,0.0,0.0,2.07
1,Bearing,161,2026-07-30,NIGHT,100.0,94.69,97.91,480.0,0.0,480.0,909,890,12,7,0.927083333333333,92.71,WORLD_CLASS,0.0,5.31,1.98
2,Shaft,152,2026-07-30,DAY,100.0,100.0,98.89,480.0,0.0,480.0,810,801,6,3,0.988888888888889,98.89,WORLD_CLASS,0.0,0.0,1.11
2,Shaft,157,2026-07-30,SWING,100.0,96.37,98.96,480.0,0.0,480.0,771,763,5,3,0.95375,95.37,WORLD_CLASS,0.0,3.63,1.0
2,Shaft,162,2026-07-30,NIGHT,100.0,100.0,98.9,480.0,0.0,480.0,821,812,6,3,0.989037758830694,98.9,WORLD_CLASS,0.0,0.0,1.1
3,"Motor Housing",153,2026-07-30,DAY,100.0,98.89,97.47,480.0,0.0,480.0,712,694,11,7,0.963888888888889,96.39,WORLD_CLASS,0.0,1.11,2.5
3,"Motor Housing",158,2026-07-30,SWING,100.0,100.0,97.48,480.0,0.0,480.0,754,735,12,7,0.974801061007958,97.48,WORLD_CLASS,0.0,0.0,2.52
3,"Motor Housing",163,2026-07-30,NIGHT,100.0,93.89,97.49,480.0,0.0,480.0,676,659,11,6,0.915277777777778,91.53,WORLD_CLASS,0.0,6.11,2.36
4,Coupling,154,2026-07-30,DAY,100.0,100.0,98.43,480.0,0.0,480.0,953,938,9,6,0.984260230849948,98.43,WORLD_CLASS,0.0,0.0,1.57
4,Coupling,159,2026-07-30,SWING,100.0,94.43,98.44,480.0,0.0,480.0,831,818,8,5,0.929545454545454,92.95,WORLD_CLASS,0.0,5.57,1.48
4,Coupling,164,2026-07-30,NIGHT,100.0,100.0,98.5,480.0,0.0,480.0,933,919,9,5,0.984994640943194,98.5,WORLD_CLASS,0.0,0.0,1.5
5,Gearbox,155,2026-07-30,DAY,100.0,100.0,96.89,480.0,0.0,480.0,644,624,12,8,0.968944099378882,96.89,WORLD_CLASS,0.0,0.0,3.11
5,Gearbox,160,2026-07-30,SWING,100.0,91.56,96.93,480.0,0.0,480.0,586,568,11,7,0.8875,88.75,WORLD_CLASS,0.0,8.44,2.81
5,Gearbox,165,2026-07-30,NIGHT,100.0,99.53,96.86,480.0,0.0,480.0,637,617,12,8,0.9640625,96.41,WORLD_CLASS,0.0,0.47,3.12
1,Bearing,166,2026-07-31,DAY,100.0,91.98,97.96,480.0,0.0,480.0,883,865,11,7,0.901041666666667,90.1,WORLD_CLASS,0.0,8.02,1.88
1,Bearing,171,2026-07-31,SWING,100.0,100.0,97.96,480.0,0.0,480.0,981,961,12,8,0.979612640163099,97.96,WORLD_CLASS,0.0,0.0,2.04
1,Bearing,176,2026-07-31,NIGHT,100.0,100.0,97.94,480.0,0.0,480.0,972,952,12,8,0.979423868312757,97.94,WORLD_CLASS,0.0,0.0,2.06
2,Shaft,167,2026-07-31,DAY,100.0,98.5,98.98,480.0,0.0,480.0,788,780,5,3,0.975,97.5,WORLD_CLASS,0.0,1.5,1.0
2,Shaft,172,2026-07-31,SWING,100.0,100.0,98.94,480.0,0.0,480.0,849,840,6,3,0.989399293286219,98.94,WORLD_CLASS,0.0,0.0,1.06
2,Shaft,177,2026-07-31,NIGHT,100.0,100.0,98.93,480.0,0.0,480.0,844,835,6,3,0.989336492890995,98.93,WORLD_CLASS,0.0,0.0,1.07
3,"Motor Housing",168,2026-07-31,DAY,100.0,100.0,97.44,480.0,0.0,480.0,781,761,12,8,0.974391805377721,97.44,WORLD_CLASS,0.0,0.0,2.56
3,"Motor Housing",173,2026-07-31,SWING,100.0,100.0,97.48,480.0,0.0,480.0,754,735,12,7,0.974801061007958,97.48,WORLD_CLASS,0.0,0.0,2.52
3,"Motor Housing",178,2026-07-31,NIGHT,100.0,100.0,97.47,480.0,0.0,480.0,792,772,12,8,0.974747474747475,97.47,WORLD_CLASS,0.0,0.0,2.53
4,Coupling,169,2026-07-31,DAY,100.0,95.34,98.45,480.0,0.0,480.0,839,826,8,5,0.938636363636364,93.86,WORLD_CLASS,0.0,4.66,1.48
4,Coupling,174,2026-07-31,SWING,100.0,97.95,98.49,480.0,0.0,480.0,862,849,8,5,0.964772727272727,96.48,WORLD_CLASS,0.0,2.05,1.48
4,Coupling,179,2026-07-31,NIGHT,100.0,99.09,98.39,480.0,0.0,480.0,872,858,9,5,0.975,97.5,WORLD_CLASS,0.0,0.91,1.59
5,Gearbox,170,2026-07-31,DAY,100.0,92.97,96.97,480.0,0.0,480.0,595,577,11,7,0.9015625,90.16,WORLD_CLASS,0.0,7.03,2.81
5,Gearbox,175,2026-07-31,SWING,97.23,100.0,96.96,480.0,13.28,466.72,625,606,12,7,0.9427744,94.28,WORLD_CLASS,2.77,0.0,2.96
5,Gearbox,180,2026-07-31,NIGHT,100.0,100.0,96.91,480.0,0.0,480.0,679,658,13,8,0.969072164948454,96.91,WORLD_CLASS,0.0,0.0,3.09
1,Bearing,181,2026-08-01,DAY,95.42,97.92,97.99,480.0,21.98,458.02,897,879,11,7,0.915625,91.56,WORLD_CLASS,4.58,1.98,1.87
1,Bearing,186,2026-08-01,SWING,100.0,95.1,97.92,480.0,0.0,480.0,913,894,12,7,0.93125,93.13,WORLD_CLASS,0.0,4.9,1.98
1,Bearing,191,2026-08-01,NIGHT,100.0,97.92,97.98,480.0,0.0,480.0,940,921,12,7,0.959375,95.94,WORLD_CLASS,0.0,2.08,1.98
2,Shaft,182,2026-08-01,DAY,100.0,100.0,98.9,480.0,0.0,480.0,820,811,6,3,0.989024390243902,98.9,WORLD_CLASS,0.0,0.0,1.1
2,Shaft,187,2026-08-01,SWING,100.0,100.0,98.92,480.0,0.0,480.0,832,823,6,3,0.989182692307692,98.92,WORLD_CLASS,0.0,0.0,1.08
2,Shaft,192,2026-08-01,NIGHT,100.0,100.0,98.88,480.0,0.0,480.0,802,793,6,3,0.988778054862843,98.88,WORLD_CLASS,0.0,0.0,1.12
3,"Motor Housing",183,2026-08-01,DAY,100.0,94.86,97.36,480.0,0.0,480.0,683,665,11,7,0.923611111111111,92.36,WORLD_CLASS,0.0,5.14,2.5
3,"Motor Housing",188,2026-08-01,SWING,100.0,96.81,97.42,480.0,0.0,480.0,697,679,11,7,0.943055555555555,94.31,WORLD_CLASS,0.0,3.19,2.5
3,"Motor Housing",193,2026-08-01,NIGHT,100.0,100.0,97.49,480.0,0.0,480.0,756,737,12,7,0.974867724867725,97.49,WORLD_CLASS,0.0,0.0,2.51
4,Coupling,184,2026-08-01,DAY,100.0,95.8,98.46,480.0,0.0,480.0,843,830,8,5,0.943181818181818,94.32,WORLD_CLASS,0.0,4.2,1.48
4,Coupling,189,2026-08-01,SWING,100.0,100.0,98.41,480.0,0.0,480.0,880,866,9,5,0.984090909090909,98.41,WORLD_CLASS,0.0,0.0,1.59
4,Coupling,194,2026-08-01,NIGHT,100.0,100.0,98.45,480.0,0.0,480.0,968,953,9,6,0.984504132231405,98.45,WORLD_CLASS,0.0,0.0,1.55
5,Gearbox,185,2026-08-01,DAY,100.0,100.0,96.92,480.0,0.0,480.0,650,630,12,8,0.969230769230769,96.92,WORLD_CLASS,0.0,0.0,3.08
5,Gearbox,190,2026-08-01,SWING,100.0,99.22,96.85,480.0,0.0,480.0,635,615,12,8,0.9609375,96.09,WORLD_CLASS,0.0,0.78,3.13
5,Gearbox,195,2026-08-01,NIGHT,100.0,93.59,96.99,480.0,0.0,480.0,599,581,11,7,0.9078125,90.78,WORLD_CLASS,0.0,6.41,2.81
1,Bearing,196,2026-08-02,DAY,100.0,100.0,97.94,480.0,0.0,480.0,970,950,12,8,0.979381443298969,97.94,WORLD_CLASS,0.0,0.0,2.06
1,Bearing,201,2026-08-02,SWING,100.0,99.17,97.9,480.0,0.0,480.0,952,932,12,8,0.970833333333333,97.08,WORLD_CLASS,0.0,0.83,2.08
1,Bearing,206,2026-08-02,NIGHT,94.95,94.78,97.92,480.0,24.22,455.78,864,846,11,7,0.88125,88.13,WORLD_CLASS,5.05,4.95,1.88
2,Shaft,197,2026-08-02,DAY,100.0,98.75,98.99,480.0,0.0,480.0,790,782,5,3,0.9775,97.75,WORLD_CLASS,0.0,1.25,1.0
2,Shaft,202,2026-08-02,SWING,98.33,100.0,98.92,480.0,8.0,472.0,832,823,6,3,0.972696314102564,97.27,WORLD_CLASS,1.67,0.0,1.06
2,Shaft,207,2026-08-02,NIGHT,100.0,100.0,98.9,480.0,0.0,480.0,818,809,6,3,0.988997555012225,98.9,WORLD_CLASS,0.0,0.0,1.1
3,"Motor Housing",198,2026-08-02,DAY,100.0,95.0,97.37,480.0,0.0,480.0,684,666,11,7,0.925,92.5,WORLD_CLASS,0.0,5.0,2.5
3,"Motor Housing",203,2026-08-02,SWING,100.0,89.44,97.36,480.0,0.0,480.0,644,627,11,6,0.870833333333333,87.08,WORLD_CLASS,0.0,10.56,2.36
3,"Motor Housing",208,2026-08-02,NIGHT,100.0,100.0,97.4,480.0,0.0,480.0,730,711,12,7,0.973972602739726,97.4,WORLD_CLASS,0.0,0.0,2.6
4,Coupling,199,2026-08-02,DAY,100.0,100.0,98.43,480.0,0.0,480.0,889,875,9,5,0.984251968503937,98.43,WORLD_CLASS,0.0,0.0,1.57
4,Coupling,204,2026-08-02,SWING,100.0,100.0,98.42,480.0,0.0,480.0,887,873,9,5,0.984216459977452,98.42,WORLD_CLASS,0.0,0.0,1.58
4,Coupling,209,2026-08-02,NIGHT,100.0,97.84,98.49,480.0,0.0,480.0,861,848,8,5,0.963636363636364,96.36,WORLD_CLASS,0.0,2.16,1.48
5,Gearbox,200,2026-08-02,DAY,100.0,95.16,96.88,480.0,0.0,480.0,609,590,12,7,0.921875,92.19,WORLD_CLASS,0.0,4.84,2.97
5,Gearbox,205,2026-08-02,SWING,100.0,100.0,96.93,480.0,0.0,480.0,652,632,12,8,0.969325153374233,96.93,WORLD_CLASS,0.0,0.0,3.07
5,Gearbox,210,2026-08-02,NIGHT,100.0,100.0,96.89,480.0,0.0,480.0,676,655,13,8,0.968934911242604,96.89,WORLD_CLASS,0.0,0.0,3.11
1,Bearing,211,2026-08-03,DAY,100.0,93.02,97.98,480.0,0.0,480.0,893,875,11,7,0.911458333333333,91.15,WORLD_CLASS,0.0,6.98,1.87
1,Bearing,216,2026-08-03,SWING,100.0,97.81,97.98,480.0,0.0,480.0,939,920,12,7,0.958333333333333,95.83,WORLD_CLASS,0.0,2.19,1.98
1,Bearing,221,2026-08-03,NIGHT,95.16,100.0,97.96,480.0,23.21,456.79,982,962,12,8,0.932264044467074,93.23,WORLD_CLASS,4.84,0.0,1.94
2,Shaft,212,2026-08-03,DAY,100.0,100.0,98.91,480.0,0.0,480.0,822,813,6,3,0.989051094890511,98.91,WORLD_CLASS,0.0,0.0,1.09
2,Shaft,217,2026-08-03,SWING,100.0,100.0,98.91,480.0,0.0,480.0,829,820,6,3,0.989143546441496,98.91,WORLD_CLASS,0.0,0.0,1.09
2,Shaft,222,2026-08-03,NIGHT,100.0,94.0,98.94,480.0,0.0,480.0,752,744,5,3,0.93,93.0,WORLD_CLASS,0.0,6.0,1.0
3,"Motor Housing",213,2026-08-03,DAY,100.0,98.47,97.46,480.0,0.0,480.0,709,691,11,7,0.959722222222222,95.97,WORLD_CLASS,0.0,1.53,2.5
3,"Motor Housing",218,2026-08-03,SWING,100.0,92.08,97.44,480.0,0.0,480.0,663,646,11,6,0.897222222222222,89.72,WORLD_CLASS,0.0,7.92,2.36
3,"Motor Housing",223,2026-08-03,NIGHT,100.0,100.0,97.48,480.0,0.0,480.0,755,736,12,7,0.974834437086093,97.48,WORLD_CLASS,0.0,0.0,2.52
4,Coupling,214,2026-08-03,DAY,95.42,94.32,98.48,480.0,21.99,458.01,792,780,8,4,0.886363636363636,88.64,WORLD_CLASS,4.58,5.42,1.36
4,Coupling,219,2026-08-03,SWING,100.0,98.64,98.39,480.0,0.0,480.0,868,854,9,5,0.970454545454545,97.05,WORLD_CLASS,0.0,1.36,1.59
4,Coupling,224,2026-08-03,NIGHT,100.0,90.8,98.5,480.0,0.0,480.0,799,787,8,4,0.894318181818182,89.43,WORLD_CLASS,0.0,9.2,1.36
5,Gearbox,215,2026-08-03,DAY,100.0,98.75,96.99,480.0,0.0,480.0,632,613,12,7,0.9578125,95.78,WORLD_CLASS,0.0,1.25,2.97
5,Gearbox,220,2026-08-03,SWING,100.0,97.34,96.95,480.0,0.0,480.0,623,604,12,7,0.94375,94.38,WORLD_CLASS,0.0,2.66,2.97
5,Gearbox,225,2026-08-03,NIGHT,100.0,100.0,96.91,480.0,0.0,480.0,648,628,12,8,0.969135802469136,96.91,WORLD_CLASS,0.0,0.0,3.09
1,Bearing,226,2026-08-04,DAY,100.0,98.85,98.0,480.0,0.0,480.0,949,930,12,7,0.96875,96.88,WORLD_CLASS,0.0,1.15,1.98
1,Bearing,231,2026-08-04,SWING,100.0,100.0,97.94,480.0,0.0,480.0,1019,998,13,8,0.979391560353288,97.94,WORLD_CLASS,0.0,0.0,2.06
1,Bearing,236,2026-08-04,NIGHT,100.0,95.83,97.93,480.0,0.0,480.0,920,901,12,7,0.938541666666667,93.85,WORLD_CLASS,0.0,4.17,1.98
2,Shaft,227,2026-08-04,DAY,100.0,100.0,98.89,480.0,0.0,480.0,812,803,6,3,0.988916256157635,98.89,WORLD_CLASS,0.0,0.0,1.11
2,Shaft,232,2026-08-04,SWING,100.0,100.0,98.88,480.0,0.0,480.0,805,796,6,3,0.988819875776398,98.88,WORLD_CLASS,0.0,0.0,1.12
2,Shaft,237,2026-08-04,NIGHT,100.0,93.5,98.93,480.0,0.0,480.0,748,740,5,3,0.925,92.5,WORLD_CLASS,0.0,6.5,1.0
3,"Motor Housing",228,2026-08-04,DAY,100.0,95.97,97.4,480.0,0.0,480.0,691,673,11,7,0.934722222222222,93.47,WORLD_CLASS,0.0,4.03,2.5
3,"Motor Housing",233,2026-08-04,SWING,100.0,95.28,97.38,480.0,0.0,480.0,686,668,11,7,0.927777777777778,92.78,WORLD_CLASS,0.0,4.72,2.5
3,"Motor Housing",238,2026-08-04,NIGHT,100.0,100.0,97.5,480.0,0.0,480.0,759,740,12,7,0.974967061923584,97.5,WORLD_CLASS,0.0,0.0,2.5
4,Coupling,229,2026-08-04,DAY,100.0,89.77,98.48,480.0,0.0,480.0,790,778,8,4,0.884090909090909,88.41,WORLD_CLASS,0.0,10.23,1.36
4,Coupling,234,2026-08-04,SWING,96.51,100.0,98.42,480.0,16.77,463.23,884,870,9,5,0.949778704751131,94.98,WORLD_CLASS,3.49,0.0,1.53
4,Coupling,239,2026-08-04,NIGHT,100.0,100.0,98.44,480.0,0.0,480.0,962,947,9,6,0.984407484407484,98.44,WORLD_CLASS,0.0,0.0,1.56
5,Gearbox,230,2026-08-04,DAY,100.0,91.88,96.94,480.0,0.0,480.0,588,570,11,7,0.890625,89.06,WORLD_CLASS,0.0,8.13,2.81
5,Gearbox,235,2026-08-04,SWING,100.0,95.78,96.9,480.0,0.0,480.0,613,594,12,7,0.928125,92.81,WORLD_CLASS,0.0,4.22,2.97
5,Gearbox,240,2026-08-04,NIGHT,100.0,94.69,96.86,480.0,0.0,480.0,606,587,12,7,0.9171875,91.72,WORLD_CLASS,0.0,5.31,2.97
1,Bearing,241,2026-08-05,DAY,100.0,100.0,97.94,480.0,0.0,480.0,969,949,12,8,0.979360165118679,97.94,WORLD_CLASS,0.0,0.0,2.06
1,Bearing,246,2026-08-05,SWING,100.0,100.0,97.97,480.0,0.0,480.0,986,966,12,8,0.979716024340771,97.97,WORLD_CLASS,0.0,0.0,2.03
1,Bearing,251,2026-08-05,NIGHT,94.53,96.53,97.95,480.0,26.25,453.75,876,858,11,7,0.89375,89.38,WORLD_CLASS,5.47,3.28,1.87
2,Shaft,242,2026-08-05,DAY,100.0,100.0,98.92,480.0,0.0,480.0,835,826,6,3,0.989221556886228,98.92,WORLD_CLASS,0.0,0.0,1.08
2,Shaft,247,2026-08-05,SWING,100.0,92.13,98.91,480.0,0.0,480.0,737,729,5,3,0.91125,91.13,WORLD_CLASS,0.0,7.87,1.0
2,Shaft,252,2026-08-05,NIGHT,100.0,100.0,98.89,480.0,0.0,480.0,812,803,6,3,0.988916256157635,98.89,WORLD_CLASS,0.0,0.0,1.11
3,"Motor Housing",243,2026-08-05,DAY,100.0,100.0,97.47,480.0,0.0,480.0,792,772,12,8,0.974747474747475,97.47,WORLD_CLASS,0.0,0.0,2.53
3,"Motor Housing",248,2026-08-05,SWING,94.49,100.0,97.4,480.0,26.46,453.54,691,673,11,7,0.920261758321274,92.03,WORLD_CLASS,5.51,0.0,2.46
3,"Motor Housing",253,2026-08-05,NIGHT,100.0,96.39,97.41,480.0,0.0,480.0,694,676,11,7,0.938888888888889,93.89,WORLD_CLASS,0.0,3.61,2.5
4,Coupling,244,2026-08-05,DAY,100.0,87.5,98.44,480.0,0.0,480.0,770,758,8,4,0.861363636363636,86.14,WORLD_CLASS,0.0,12.5,1.36
4,Coupling,249,2026-08-05,SWING,100.0,100.0,98.42,480.0,0.0,480.0,884,870,9,5,0.984162895927602,98.42,WORLD_CLASS,0.0,0.0,1.58
4,Coupling,254,2026-08-05,NIGHT,100.0,100.0,98.45,480.0,0.0,480.0,902,888,9,5,0.984478935698448,98.45,WORLD_CLASS,0.0,0.0,1.55
5,Gearbox,245,2026-08-05,DAY,100.0,100.0,96.88,480.0,0.0,480.0,641,621,12,8,0.968798751950078,96.88,WORLD_CLASS,0.0,0.0,3.12
5,Gearbox,250,2026-08-05,SWING,100.0,100.0,96.97,480.0,0.0,480.0,660,640,12,8,0.96969696969697,96.97,WORLD_CLASS,0.0,0.0,3.03
5,Gearbox,255,2026-08-05,NIGHT,97.32,100.0,96.96,480.0,12.88,467.12,624,605,12,7,0.943534989316239,94.35,WORLD_CLASS,2.68,0.0,2.96
1,Bearing,256,2026-08-06,DAY,100.0,97.6,97.97,480.0,0.0,480.0,937,918,12,7,0.95625,95.63,WORLD_CLASS,0.0,2.4,1.98
1,Bearing,261,2026-08-06,SWING,100.0,96.15,97.94,480.0,0.0,480.0,923,904,12,7,0.941666666666667,94.17,WORLD_CLASS,0.0,3.85,1.98
1,Bearing,266,2026-08-06,NIGHT,100.0,99.69,97.91,480.0,0.0,480.0,957,937,12,8,0.976041666666667,97.6,WORLD_CLASS,0.0,0.31,2.08
2,Shaft,257,2026-08-06,DAY,100.0,92.38,98.92,480.0,0.0,480.0,739,731,5,3,0.91375,91.38,WORLD_CLASS,0.0,7.63,1.0
2,Shaft,262,2026-08-06,SWING,100.0,97.75,98.98,480.0,0.0,480.0,782,774,5,3,0.9675,96.75,WORLD_CLASS,0.0,2.25,1.0
2,Shaft,267,2026-08-06,NIGHT,100.0,100.0,98.88,480.0,0.0,480.0,801,792,6,3,0.98876404494382,98.88,WORLD_CLASS,0.0,0.0,1.12
3,"Motor Housing",258,2026-08-06,DAY,100.0,100.0,97.42,480.0,0.0,480.0,775,755,12,8,0.974193548387097,97.42,WORLD_CLASS,0.0,0.0,2.58
3,"Motor Housing",263,2026-08-06,SWING,100.0,100.0,97.42,480.0,0.0,480.0,776,756,12,8,0.974226804123711,97.42,WORLD_CLASS,0.0,0.0,2.58
3,"Motor Housing",268,2026-08-06,NIGHT,100.0,98.47,97.46,480.0,0.0,480.0,709,691,11,7,0.959722222222222,95.97,WORLD_CLASS,0.0,1.53,2.5
4,Coupling,259,2026-08-06,DAY,100.0,100.0,98.48,480.0,0.0,480.0,924,910,9,5,0.984848484848485,98.48,WORLD_CLASS,0.0,0.0,1.52
4,Coupling,264,2026-08-06,SWING,100.0,100.0,98.46,480.0,0.0,480.0,908,894,9,5,0.984581497797357,98.46,WORLD_CLASS,0.0,0.0,1.54
4,Coupling,269,2026-08-06,NIGHT,100.0,94.77,98.44,480.0,0.0,480.0,834,821,8,5,0.932954545454545,93.3,WORLD_CLASS,0.0,5.23,1.48
5,Gearbox,260,2026-08-06,DAY,100.0,100.0,96.99,480.0,0.0,480.0,665,645,12,8,0.969924812030075,96.99,WORLD_CLASS,0.0,0.0,3.01
5,Gearbox,265,2026-08-06,SWING,100.0,95.16,96.88,480.0,0.0,480.0,609,590,12,7,0.921875,92.19,WORLD_CLASS,0.0,4.84,2.97
5,Gearbox,270,2026-08-06,NIGHT,100.0,100.0,96.9,480.0,0.0,480.0,677,656,13,8,0.968980797636632,96.9,WORLD_CLASS,0.0,0.0,3.1
1,Bearing,271,2026-08-07,DAY,94.84,100.0,97.96,480.0,24.79,455.21,933,914,12,7,0.92904148803144,92.9,WORLD_CLASS,5.16,0.0,1.93
1,Bearing,276,2026-08-07,SWING,96.7,100.0,97.93,480.0,15.83,464.17,964,944,12,8,0.9469581604426,94.7,WORLD_CLASS,3.3,0.0,2.01
1,Bearing,281,2026-08-07,NIGHT,100.0,85.52,97.93,480.0,0.0,480.0,821,804,11,6,0.8375,83.75,ACCEPTABLE,0.0,14.48,1.77
2,Shaft,272,2026-08-07,DAY,100.0,98.5,98.98,480.0,0.0,480.0,788,780,5,3,0.975,97.5,WORLD_CLASS,0.0,1.5,1.0
2,Shaft,277,2026-08-07,SWING,100.0,97.63,98.98,480.0,0.0,480.0,781,773,5,3,0.96625,96.63,WORLD_CLASS,0.0,2.38,1.0
2,Shaft,282,2026-08-07,NIGHT,100.0,93.62,98.93,480.0,0.0,480.0,749,741,5,3,0.92625,92.62,WORLD_CLASS,0.0,6.38,1.0
3,"Motor Housing",273,2026-08-07,DAY,96.49,91.54,97.48,480.0,16.83,463.17,636,620,10,6,0.861111111111111,86.11,WORLD_CLASS,3.51,8.16,2.22
3,"Motor Housing",278,2026-08-07,SWING,100.0,100.0,97.49,480.0,0.0,480.0,756,737,12,7,0.974867724867725,97.49,WORLD_CLASS,0.0,0.0,2.51
3,"Motor Housing",283,2026-08-07,NIGHT,100.0,92.08,97.44,480.0,0.0,480.0,663,646,11,6,0.897222222222222,89.72,WORLD_CLASS,0.0,7.92,2.36
4,Coupling,274,2026-08-07,DAY,100.0,96.59,98.47,480.0,0.0,480.0,850,837,8,5,0.951136363636364,95.11,WORLD_CLASS,0.0,3.41,1.48
4,Coupling,279,2026-08-07,SWING,100.0,100.0,98.41,480.0,0.0,480.0,882,868,9,5,0.984126984126984,98.41,WORLD_CLASS,0.0,0.0,1.59
4,Coupling,284,2026-08-07,NIGHT,100.0,98.75,98.39,480.0,0.0,480.0,869,855,9,5,0.971590909090909,97.16,WORLD_CLASS,0.0,1.25,1.59
5,Gearbox,275,2026-08-07,DAY,100.0,99.38,96.86,480.0,0.0,480.0,636,616,12,8,0.9625,96.25,WORLD_CLASS,0.0,0.62,3.12
5,Gearbox,280,2026-08-07,SWING,96.13,95.74,96.94,480.0,18.58,461.42,589,571,11,7,0.8921875,89.22,WORLD_CLASS,3.87,4.1,2.81
5,Gearbox,285,2026-08-07,NIGHT,100.0,100.0,96.91,480.0,0.0,480.0,648,628,12,8,0.969135802469136,96.91,WORLD_CLASS,0.0,0.0,3.09
1,Bearing,286,2026-08-08,DAY,94.78,100.0,97.94,480.0,25.06,454.94,969,949,12,8,0.928229403164775,92.82,WORLD_CLASS,5.22,0.0,1.96
1,Bearing,291,2026-08-08,SWING,100.0,98.23,97.99,480.0,0.0,480.0,943,924,12,7,0.9625,96.25,WORLD_CLASS,0.0,1.77,1.98
1,Bearing,296,2026-08-08,NIGHT,100.0,100.0,97.97,480.0,0.0,480.0,1032,1011,13,8,0.979651162790698,97.97,WORLD_CLASS,0.0,0.0,2.03
2,Shaft,287,2026-08-08,DAY,100.0,99.5,98.99,480.0,0.0,480.0,796,788,5,3,0.985,98.5,WORLD_CLASS,0.0,0.5,1.0
2,Shaft,292,2026-08-08,SWING,100.0,98.25,98.98,480.0,0.0,480.0,786,778,5,3,0.9725,97.25,WORLD_CLASS,0.0,1.75,1.0
2,Shaft,297,2026-08-08,NIGHT,100.0,100.0,98.93,480.0,0.0,480.0,841,832,6,3,0.989298454221165,98.93,WORLD_CLASS,0.0,0.0,1.07
3,"Motor Housing",288,2026-08-08,DAY,100.0,93.75,97.48,480.0,0.0,480.0,675,658,11,6,0.913888888888889,91.39,WORLD_CLASS,0.0,6.25,2.36
3,"Motor Housing",293,2026-08-08,SWING,100.0,92.78,97.46,480.0,0.0,480.0,668,651,11,6,0.904166666666667,90.42,WORLD_CLASS,0.0,7.22,2.36
3,"Motor Housing",298,2026-08-08,NIGHT,100.0,100.0,97.46,480.0,0.0,480.0,748,729,12,7,0.974598930481283,97.46,WORLD_CLASS,0.0,0.0,2.54
4,Coupling,289,2026-08-08,DAY,100.0,100.0,98.45,480.0,0.0,480.0,968,953,9,6,0.984504132231405,98.45,WORLD_CLASS,0.0,0.0,1.55
4,Coupling,294,2026-08-08,SWING,100.0,100.0,98.45,480.0,0.0,480.0,904,890,9,5,0.984513274336283,98.45,WORLD_CLASS,0.0,0.0,1.55
4,Coupling,299,2026-08-08,NIGHT,100.0,100.0,98.5,480.0,0.0,480.0,932,918,9,5,0.984978540772532,98.5,WORLD_CLASS,0.0,0.0,1.5
5,Gearbox,290,2026-08-08,DAY,100.0,100.0,96.91,480.0,0.0,480.0,647,627,12,8,0.969088098918083,96.91,WORLD_CLASS,0.0,0.0,3.09
5,Gearbox,295,2026-08-08,SWING,100.0,100.0,96.92,480.0,0.0,480.0,649,629,12,8,0.969183359013868,96.92,WORLD_CLASS,0.0,0.0,3.08
5,Gearbox,300,2026-08-08,NIGHT,100.0,98.13,96.97,480.0,0.0,480.0,628,609,12,7,0.9515625,95.16,WORLD_CLASS,0.0,1.88,2.97
1,Bearing,301,2026-08-09,DAY,100.0,97.4,97.97,480.0,0.0,480.0,935,916,12,7,0.954166666666667,95.42,WORLD_CLASS,0.0,2.6,1.98
1,Bearing,306,2026-08-09,SWING,100.0,100.0,97.98,480.0,0.0,480.0,989,969,12,8,0.979777553083923,97.98,WORLD_CLASS,0.0,0.0,2.02
1,Bearing,311,2026-08-09,NIGHT,100.0,90.52,97.93,480.0,0.0,480.0,869,851,11,7,0.886458333333333,88.65,WORLD_CLASS,0.0,9.48,1.88
2,Shaft,302,2026-08-09,DAY,100.0,99.38,98.99,480.0,0.0,480.0,795,787,5,3,0.98375,98.38,WORLD_CLASS,0.0,0.62,1.0
2,Shaft,307,2026-08-09,SWING,100.0,99.5,98.99,480.0,0.0,480.0,796,788,5,3,0.985,98.5,WORLD_CLASS,0.0,0.5,1.0
2,Shaft,312,2026-08-09,NIGHT,100.0,95.88,98.96,480.0,0.0,480.0,767,759,5,3,0.94875,94.88,WORLD_CLASS,0.0,4.13,1.0
3,"Motor Housing",303,2026-08-09,DAY,100.0,93.33,97.47,480.0,0.0,480.0,672,655,11,6,0.909722222222222,90.97,WORLD_CLASS,0.0,6.67,2.36
3,"Motor Housing",308,2026-08-09,SWING,100.0,90.14,97.38,480.0,0.0,480.0,649,632,11,6,0.877777777777778,87.78,WORLD_CLASS,0.0,9.86,2.36
3,"Motor Housing",313,2026-08-09,NIGHT,100.0,99.72,97.49,480.0,0.0,480.0,718,700,11,7,0.972222222222222,97.22,WORLD_CLASS,0.0,0.28,2.5
4,Coupling,304,2026-08-09,DAY,100.0,98.86,98.39,480.0,0.0,480.0,870,856,9,5,0.972727272727273,97.27,WORLD_CLASS,0.0,1.14,1.59
4,Coupling,309,2026-08-09,SWING,100.0,99.77,98.41,480.0,0.0,480.0,878,864,9,5,0.981818181818182,98.18,WORLD_CLASS,0.0,0.23,1.59
4,Coupling,314,2026-08-09,NIGHT,100.0,93.07,98.41,480.0,0.0,480.0,819,806,8,5,0.915909090909091,91.59,WORLD_CLASS,0.0,6.93,1.48
5,Gearbox,305,2026-08-09,DAY,100.0,97.97,96.97,480.0,0.0,480.0,627,608,12,7,0.95,95.0,WORLD_CLASS,0.0,2.03,2.97
5,Gearbox,310,2026-08-09,SWING,100.0,100.0,96.93,480.0,0.0,480.0,683,662,13,8,0.969253294289897,96.93,WORLD_CLASS,0.0,0.0,3.07
5,Gearbox,315,2026-08-09,NIGHT,100.0,96.88,96.94,480.0,0.0,480.0,620,601,12,7,0.9390625,93.91,WORLD_CLASS,0.0,3.13,2.97
1,Bearing,316,2026-08-10,DAY,100.0,100.0,97.92,480.0,0.0,480.0,960,940,12,8,0.979166666666667,97.92,WORLD_CLASS,0.0,0.0,2.08
1,Bearing,321,2026-08-10,SWING,100.0,99.79,97.91,480.0,0.0,480.0,958,938,12,8,0.977083333333333,97.71,WORLD_CLASS,0.0,0.21,2.08
1,Bearing,326,2026-08-10,NIGHT,100.0,98.54,97.99,480.0,0.0,480.0,946,927,12,7,0.965625,96.56,WORLD_CLASS,0.0,1.46,1.98
2,Shaft,317,2026-08-10,DAY,100.0,93.13,98.93,480.0,0.0,480.0,745,737,5,3,0.92125,92.13,WORLD_CLASS,0.0,6.87,1.0
2,Shaft,322,2026-08-10,SWING,100.0,100.0,98.93,480.0,0.0,480.0,841,832,6,3,0.989298454221165,98.93,WORLD_CLASS,0.0,0.0,1.07
2,Shaft,327,2026-08-10,NIGHT,100.0,100.0,98.92,480.0,0.0,480.0,837,828,6,3,0.989247311827957,98.92,WORLD_CLASS,0.0,0.0,1.08
3,"Motor Housing",318,2026-08-10,DAY,100.0,100.0,97.39,480.0,0.0,480.0,728,709,12,7,0.973901098901099,97.39,WORLD_CLASS,0.0,0.0,2.61
3,"Motor Housing",323,2026-08-10,SWING,100.0,98.75,97.47,480.0,0.0,480.0,711,693,11,7,0.9625,96.25,WORLD_CLASS,0.0,1.25,2.5
3,"Motor Housing",328,2026-08-10,NIGHT,100.0,100.0,97.4,480.0,0.0,480.0,732,713,12,7,0.974043715846995,97.4,WORLD_CLASS,0.0,0.0,2.6
4,Coupling,319,2026-08-10,DAY,100.0,100.0,98.44,480.0,0.0,480.0,895,881,9,5,0.984357541899441,98.44,WORLD_CLASS,0.0,0.0,1.56
4,Coupling,324,2026-08-10,SWING,100.0,100.0,98.44,480.0,0.0,480.0,897,883,9,5,0.984392419175028,98.44,WORLD_CLASS,0.0,0.0,1.56
4,Coupling,329,2026-08-10,NIGHT,100.0,94.77,98.44,480.0,0.0,480.0,834,821,8,5,0.932954545454545,93.3,WORLD_CLASS,0.0,5.23,1.48
5,Gearbox,320,2026-08-10,DAY,100.0,93.28,96.98,480.0,0.0,480.0,597,579,11,7,0.9046875,90.47,WORLD_CLASS,0.0,6.72,2.81
5,Gearbox,325,2026-08-10,SWING,100.0,100.0,96.97,480.0,0.0,480.0,659,639,12,8,0.969650986342944,96.97,WORLD_CLASS,0.0,0.0,3.03
5,Gearbox,330,2026-08-10,NIGHT,100.0,100.0,96.95,480.0,0.0,480.0,655,635,12,8,0.969465648854962,96.95,WORLD_CLASS,0.0,0.0,3.05
1,Bearing,331,2026-08-11,DAY,100.0,100.0,98.0,480.0,0.0,480.0,999,979,12,8,0.97997997997998,98.0,WORLD_CLASS,0.0,0.0,2.0
1,Bearing,336,2026-08-11,SWING,100.0,100.0,97.94,480.0,0.0,480.0,969,949,12,8,0.979360165118679,97.94,WORLD_CLASS,0.0,0.0,2.06
1,Bearing,341,2026-08-11,NIGHT,100.0,98.33,97.99,480.0,0.0,480.0,944,925,12,7,0.963541666666667,96.35,WORLD_CLASS,0.0,1.67,1.98
2,Shaft,332,2026-08-11,DAY,100.0,100.0,98.92,480.0,0.0,480.0,830,821,6,3,0.989156626506024,98.92,WORLD_CLASS,0.0,0.0,1.08
2,Shaft,337,2026-08-11,SWING,100.0,100.0,98.93,480.0,0.0,480.0,845,836,6,3,0.989349112426036,98.93,WORLD_CLASS,0.0,0.0,1.07
2,Shaft,342,2026-08-11,NIGHT,100.0,100.0,98.93,480.0,0.0,480.0,841,832,6,3,0.989298454221165,98.93,WORLD_CLASS,0.0,0.0,1.07
3,"Motor Housing",333,2026-08-11,DAY,100.0,96.53,97.41,480.0,0.0,480.0,695,677,11,7,0.940277777777778,94.03,WORLD_CLASS,0.0,3.47,2.5
3,"Motor Housing",338,2026-08-11,SWING,100.0,100.0,97.39,480.0,0.0,480.0,765,745,12,8,0.973856209150327,97.39,WORLD_CLASS,0.0,0.0,2.61
3,"Motor Housing",343,2026-08-11,NIGHT,100.0,99.31,97.48,480.0,0.0,480.0,715,697,11,7,0.968055555555555,96.81,WORLD_CLASS,0.0,0.69,2.5
4,Coupling,334,2026-08-11,DAY,100.0,100.0,98.44,480.0,0.0,480.0,898,884,9,5,0.984409799554566,98.44,WORLD_CLASS,0.0,0.0,1.56
4,Coupling,339,2026-08-11,SWING,100.0,99.55,98.4,480.0,0.0,480.0,876,862,9,5,0.979545454545454,97.95,WORLD_CLASS,0.0,0.45,1.59
4,Coupling,344,2026-08-11,NIGHT,100.0,97.05,98.48,480.0,0.0,480.0,854,841,8,5,0.955681818181818,95.57,WORLD_CLASS,0.0,2.95,1.48
5,Gearbox,335,2026-08-11,DAY,100.0,100.0,96.92,480.0,0.0,480.0,682,661,13,8,0.969208211143695,96.92,WORLD_CLASS,0.0,0.0,3.08
5,Gearbox,340,2026-08-11,SWING,100.0,100.0,96.97,480.0,0.0,480.0,660,640,12,8,0.96969696969697,96.97,WORLD_CLASS,0.0,0.0,3.03
5,Gearbox,345,2026-08-11,NIGHT,98.94,99.65,96.99,480.0,5.09,474.91,631,612,12,7,0.95625,95.63,WORLD_CLASS,1.06,0.35,2.97
1,Bearing,346,2026-08-12,DAY,98.01,99.47,97.97,480.0,9.53,470.47,936,917,12,7,0.955208333333333,95.52,WORLD_CLASS,1.99,0.51,1.98
1,Bearing,351,2026-08-12,SWING,100.0,100.0,97.95,480.0,0.0,480.0,976,956,12,8,0.979508196721312,97.95,WORLD_CLASS,0.0,0.0,2.05
1,Bearing,356,2026-08-12,NIGHT,100.0,99.48,97.91,480.0,0.0,480.0,955,935,12,8,0.973958333333333,97.4,WORLD_CLASS,0.0,0.52,2.08
2,Shaft,347,2026-08-12,DAY,100.0,100.0,98.89,480.0,0.0,480.0,814,805,6,3,0.988943488943489,98.89,WORLD_CLASS,0.0,0.0,1.11
2,Shaft,352,2026-08-12,SWING,100.0,100.0,98.9,480.0,0.0,480.0,818,809,6,3,0.988997555012225,98.9,WORLD_CLASS,0.0,0.0,1.1
2,Shaft,357,2026-08-12,NIGHT,100.0,100.0,98.91,480.0,0.0,480.0,828,819,6,3,0.989130434782609,98.91,WORLD_CLASS,0.0,0.0,1.09
3,"Motor Housing",348,2026-08-12,DAY,100.0,100.0,97.41,480.0,0.0,480.0,735,716,12,7,0.974149659863946,97.41,WORLD_CLASS,0.0,0.0,2.59
3,"Motor Housing",353,2026-08-12,SWING,100.0,100.0,97.37,480.0,0.0,480.0,722,703,12,7,0.973684210526316,97.37,WORLD_CLASS,0.0,0.0,2.63
3,"Motor Housing",358,2026-08-12,NIGHT,100.0,100.0,97.39,480.0,0.0,480.0,767,747,12,8,0.973924380704042,97.39,WORLD_CLASS,0.0,0.0,2.61
4,Coupling,349,2026-08-12,DAY,100.0,93.98,98.43,480.0,0.0,480.0,827,814,8,5,0.925,92.5,WORLD_CLASS,0.0,6.02,1.48
4,Coupling,354,2026-08-12,SWING,100.0,100.0,98.45,480.0,0.0,480.0,968,953,9,6,0.984504132231405,98.45,WORLD_CLASS,0.0,0.0,1.55
4,Coupling,359,2026-08-12,NIGHT,94.88,100.0,98.47,480.0,24.56,455.44,849,836,8,5,0.934304672163329,93.43,WORLD_CLASS,5.12,0.0,1.45
5,Gearbox,350,2026-08-12,DAY,100.0,96.56,96.93,480.0,0.0,480.0,618,599,12,7,0.9359375,93.59,WORLD_CLASS,0.0,3.44,2.97
5,Gearbox,355,2026-08-12,SWING,100.0,100.0,96.89,480.0,0.0,480.0,675,654,13,8,0.968888888888889,96.89,WORLD_CLASS,0.0,0.0,3.11
5,Gearbox,360,2026-08-12,NIGHT,100.0,91.09,96.91,480.0,0.0,480.0,583,565,11,7,0.8828125,88.28,WORLD_CLASS,0.0,8.91,2.81
1,Bearing,361,2026-08-13,DAY,100.0,100.0,97.93,480.0,0.0,480.0,964,944,12,8,0.979253112033195,97.93,WORLD_CLASS,0.0,0.0,2.07
1,Bearing,366,2026-08-13,SWING,100.0,99.17,97.9,480.0,0.0,480.0,952,932,12,8,0.970833333333333,97.08,WORLD_CLASS,0.0,0.83,2.08
1,Bearing,371,2026-08-13,NIGHT,100.0,100.0,97.93,480.0,0.0,480.0,964,944,12,8,0.979253112033195,97.93,WORLD_CLASS,0.0,0.0,2.07
2,Shaft,362,2026-08-13,DAY,100.0,100.0,98.88,480.0,0.0,480.0,801,792,6,3,0.98876404494382,98.88,WORLD_CLASS,0.0,0.0,1.12
2,Shaft,367,2026-08-13,SWING,100.0,100.0,98.92,480.0,0.0,480.0,837,828,6,3,0.989247311827957,98.92,WORLD_CLASS,0.0,0.0,1.08
2,Shaft,372,2026-08-13,NIGHT,100.0,100.0,98.93,480.0,0.0,480.0,842,833,6,3,0.989311163895487,98.93,WORLD_CLASS,0.0,0.0,1.07
3,"Motor Housing",363,2026-08-13,DAY,100.0,100.0,97.47,480.0,0.0,480.0,792,772,12,8,0.974747474747475,97.47,WORLD_CLASS,0.0,0.0,2.53
3,"Motor Housing",368,2026-08-13,SWING,100.0,98.47,97.46,480.0,0.0,480.0,709,691,11,7,0.959722222222222,95.97,WORLD_CLASS,0.0,1.53,2.5
3,"Motor Housing",373,2026-08-13,NIGHT,100.0,99.58,97.49,480.0,0.0,480.0,717,699,11,7,0.970833333333333,97.08,WORLD_CLASS,0.0,0.42,2.5
4,Coupling,364,2026-08-13,DAY,100.0,90.68,98.5,480.0,0.0,480.0,798,786,8,4,0.893181818181818,89.32,WORLD_CLASS,0.0,9.32,1.36
4,Coupling,369,2026-08-13,SWING,100.0,100.0,98.42,480.0,0.0,480.0,887,873,9,5,0.984216459977452,98.42,WORLD_CLASS,0.0,0.0,1.58
4,Coupling,374,2026-08-13,NIGHT,100.0,97.95,98.49,480.0,0.0,480.0,862,849,8,5,0.964772727272727,96.48,WORLD_CLASS,0.0,2.05,1.48
5,Gearbox,365,2026-08-13,DAY,100.0,100.0,96.95,480.0,0.0,480.0,689,668,13,8,0.969521044992743,96.95,WORLD_CLASS,0.0,0.0,3.05
5,Gearbox,370,2026-08-13,SWING,100.0,100.0,96.89,480.0,0.0,480.0,676,655,13,8,0.968934911242604,96.89,WORLD_CLASS,0.0,0.0,3.11
5,Gearbox,375,2026-08-13,NIGHT,100.0,98.91,97.0,480.0,0.0,480.0,633,614,12,7,0.959375,95.94,WORLD_CLASS,0.0,1.09,2.97
1,Bearing,376,2026-08-14,DAY,100.0,97.5,97.97,480.0,0.0,480.0,936,917,12,7,0.955208333333333,95.52,WORLD_CLASS,0.0,2.5,1.98
1,Bearing,381,2026-08-14,SWING,100.0,99.9,97.91,480.0,0.0,480.0,959,939,12,8,0.978125,97.81,WORLD_CLASS,0.0,0.1,2.08
1,Bearing,386,2026-08-14,NIGHT,100.0,96.35,97.95,480.0,0.0,480.0,925,906,12,7,0.94375,94.38,WORLD_CLASS,0.0,3.65,1.98
2,Shaft,377,2026-08-14,DAY,100.0,99.38,98.99,480.0,0.0,480.0,795,787,5,3,0.98375,98.38,WORLD_CLASS,0.0,0.62,1.0
2,Shaft,382,2026-08-14,SWING,100.0,100.0,98.96,480.0,0.0,480.0,867,858,6,3,0.98961937716263,98.96,WORLD_CLASS,0.0,0.0,1.04
2,Shaft,387,2026-08-14,NIGHT,100.0,100.0,98.88,480.0,0.0,480.0,805,796,6,3,0.988819875776398,98.88,WORLD_CLASS,0.0,0.0,1.12
3,"Motor Housing",378,2026-08-14,DAY,100.0,100.0,97.4,480.0,0.0,480.0,769,749,12,8,0.973992197659298,97.4,WORLD_CLASS,0.0,0.0,2.6
3,"Motor Housing",383,2026-08-14,SWING,100.0,100.0,97.49,480.0,0.0,480.0,758,739,12,7,0.974934036939314,97.49,WORLD_CLASS,0.0,0.0,2.51
3,"Motor Housing",388,2026-08-14,NIGHT,100.0,86.67,97.44,480.0,0.0,480.0,624,608,10,6,0.844444444444444,84.44,ACCEPTABLE,0.0,13.33,2.22
4,Coupling,379,2026-08-14,DAY,100.0,94.09,98.43,480.0,0.0,480.0,828,815,8,5,0.926136363636364,92.61,WORLD_CLASS,0.0,5.91,1.48
4,Coupling,384,2026-08-14,SWING,100.0,100.0,98.4,480.0,0.0,480.0,938,923,9,6,0.984008528784648,98.4,WORLD_CLASS,0.0,0.0,1.6
4,Coupling,389,2026-08-14,NIGHT,100.0,96.93,98.48,480.0,0.0,480.0,853,840,8,5,0.954545454545454,95.45,WORLD_CLASS,0.0,3.07,1.48
5,Gearbox,380,2026-08-14,DAY,100.0,91.72,96.93,480.0,0.0,480.0,587,569,11,7,0.8890625,88.91,WORLD_CLASS,0.0,8.28,2.81
5,Gearbox,385,2026-08-14,SWING,100.0,100.0,96.91,480.0,0.0,480.0,680,659,13,8,0.969117647058824,96.91,WORLD_CLASS,0.0,0.0,3.09
5,Gearbox,390,2026-08-14,NIGHT,100.0,100.0,96.97,480.0,0.0,480.0,660,640,12,8,0.96969696969697,96.97,WORLD_CLASS,0.0,0.0,3.03
1,Bearing,391,2026-08-15,DAY,100.0,92.29,97.97,480.0,0.0,480.0,886,868,11,7,0.904166666666667,90.42,WORLD_CLASS,0.0,7.71,1.88
1,Bearing,396,2026-08-15,SWING,100.0,100.0,97.92,480.0,0.0,480.0,1056,1034,14,8,0.979166666666667,97.92,WORLD_CLASS,0.0,0.0,2.08
1,Bearing,401,2026-08-15,NIGHT,100.0,100.0,97.92,480.0,0.0,480.0,1012,991,13,8,0.979249011857708,97.92,WORLD_CLASS,0.0,0.0,2.08
2,Shaft,392,2026-08-15,DAY,100.0,89.75,98.89,480.0,0.0,480.0,718,710,5,3,0.8875,88.75,WORLD_CLASS,0.0,10.25,1.0
2,Shaft,397,2026-08-15,SWING,100.0,100.0,98.95,480.0,0.0,480.0,858,849,6,3,0.989510489510489,98.95,WORLD_CLASS,0.0,0.0,1.05
2,Shaft,402,2026-08-15,NIGHT,100.0,92.0,98.91,480.0,0.0,480.0,736,728,5,3,0.91,91.0,WORLD_CLASS,0.0,8.0,1.0
3,"Motor Housing",393,2026-08-15,DAY,100.0,93.47,97.47,480.0,0.0,480.0,673,656,11,6,0.911111111111111,91.11,WORLD_CLASS,0.0,6.53,2.36
3,"Motor Housing",398,2026-08-15,SWING,100.0,92.5,97.45,480.0,0.0,480.0,666,649,11,6,0.901388888888889,90.14,WORLD_CLASS,0.0,7.5,2.36
3,"Motor Housing",403,2026-08-15,NIGHT,94.71,97.52,97.44,480.0,25.4,454.6,665,648,11,6,0.9,90.0,WORLD_CLASS,5.29,2.35,2.36
4,Coupling,394,2026-08-15,DAY,100.0,100.0,98.43,480.0,0.0,480.0,890,876,9,5,0.984269662921348,98.43,WORLD_CLASS,0.0,0.0,1.57
4,Coupling,399,2026-08-15,SWING,100.0,88.52,98.46,480.0,0.0,480.0,779,767,8,4,0.871590909090909,87.16,WORLD_CLASS,0.0,11.48,1.36
4,Coupling,404,2026-08-15,NIGHT,100.0,97.84,98.49,480.0,0.0,480.0,861,848,8,5,0.963636363636364,96.36,WORLD_CLASS,0.0,2.16,1.48
5,Gearbox,395,2026-08-15,DAY,100.0,100.0,96.9,480.0,0.0,480.0,678,657,13,8,0.969026548672566,96.9,WORLD_CLASS,0.0,0.0,3.1
5,Gearbox,400,2026-08-15,SWING,100.0,100.0,96.9,480.0,0.0,480.0,645,625,12,8,0.968992248062015,96.9,WORLD_CLASS,0.0,0.0,3.1
5,Gearbox,405,2026-08-15,NIGHT,100.0,100.0,96.88,480.0,0.0,480.0,642,622,12,8,0.968847352024922,96.88,WORLD_CLASS,0.0,0.0,3.12
1,Bearing,406,2026-08-16,DAY,100.0,99.27,97.9,480.0,0.0,480.0,953,933,12,8,0.971875,97.19,WORLD_CLASS,0.0,0.73,2.08
1,Bearing,411,2026-08-16,SWING,100.0,100.0,97.92,480.0,0.0,480.0,1056,1034,14,8,0.979166666666667,97.92,WORLD_CLASS,0.0,0.0,2.08
1,Bearing,416,2026-08-16,NIGHT,100.0,100.0,97.94,480.0,0.0,480.0,971,951,12,8,0.979402677651905,97.94,WORLD_CLASS,0.0,0.0,2.06
2,Shaft,407,2026-08-16,DAY,100.0,100.0,98.91,480.0,0.0,480.0,822,813,6,3,0.989051094890511,98.91,WORLD_CLASS,0.0,0.0,1.09
2,Shaft,412,2026-08-16,SWING,100.0,95.13,98.95,480.0,0.0,480.0,761,753,5,3,0.94125,94.12,WORLD_CLASS,0.0,4.88,1.0
2,Shaft,417,2026-08-16,NIGHT,100.0,100.0,98.94,480.0,0.0,480.0,846,837,6,3,0.98936170212766,98.94,WORLD_CLASS,0.0,0.0,1.06
3,"Motor Housing",408,2026-08-16,DAY,95.29,100.0,97.38,480.0,22.61,457.39,724,705,12,7,0.927888898480663,92.79,WORLD_CLASS,4.71,0.0,2.5
3,"Motor Housing",413,2026-08-16,SWING,100.0,95.0,97.37,480.0,0.0,480.0,684,666,11,7,0.925,92.5,WORLD_CLASS,0.0,5.0,2.5
3,"Motor Housing",418,2026-08-16,NIGHT,100.0,98.75,97.47,480.0,0.0,480.0,711,693,11,7,0.9625,96.25,WORLD_CLASS,0.0,1.25,2.5
4,Coupling,409,2026-08-16,DAY,100.0,100.0,98.42,480.0,0.0,480.0,885,871,9,5,0.984180790960452,98.42,WORLD_CLASS,0.0,0.0,1.58
4,Coupling,414,2026-08-16,SWING,100.0,100.0,98.45,480.0,0.0,480.0,905,891,9,5,0.984530386740331,98.45,WORLD_CLASS,0.0,0.0,1.55
4,Coupling,419,2026-08-16,NIGHT,100.0,100.0,98.48,480.0,0.0,480.0,923,909,9,5,0.984832069339112,98.48,WORLD_CLASS,0.0,0.0,1.52
5,Gearbox,410,2026-08-16,DAY,100.0,100.0,96.99,480.0,0.0,480.0,665,645,12,8,0.969924812030075,96.99,WORLD_CLASS,0.0,0.0,3.01
5,Gearbox,415,2026-08-16,SWING,100.0,100.0,96.86,480.0,0.0,480.0,701,679,14,8,0.968616262482168,96.86,WORLD_CLASS,0.0,0.0,3.14
5,Gearbox,420,2026-08-16,NIGHT,51.85,97.03,87.27,480.0,231.1,248.9,322,281,25,16,0.4390625,43.91,CRITICAL,48.15,1.54,6.41
1,Bearing,421,2026-08-17,DAY,100.0,100.0,97.99,480.0,0.0,480.0,995,975,12,8,0.979899497487437,97.99,WORLD_CLASS,0.0,0.0,2.01
1,Bearing,426,2026-08-17,SWING,97.97,97.39,97.93,480.0,9.72,470.28,916,897,12,7,0.934375,93.44,WORLD_CLASS,2.03,2.56,1.98
1,Bearing,431,2026-08-17,NIGHT,100.0,100.0,97.98,480.0,0.0,480.0,989,969,12,8,0.979777553083923,97.98,WORLD_CLASS,0.0,0.0,2.02
2,Shaft,422,2026-08-17,DAY,100.0,100.0,98.9,480.0,0.0,480.0,818,809,6,3,0.988997555012225,98.9,WORLD_CLASS,0.0,0.0,1.1
2,Shaft,427,2026-08-17,SWING,100.0,100.0,98.93,480.0,0.0,480.0,838,829,6,3,0.989260143198091,98.93,WORLD_CLASS,0.0,0.0,1.07
2,Shaft,432,2026-08-17,NIGHT,100.0,100.0,98.91,480.0,0.0,480.0,824,815,6,3,0.989077669902913,98.91,WORLD_CLASS,0.0,0.0,1.09
3,"Motor Housing",423,2026-08-17,DAY,100.0,100.0,97.42,480.0,0.0,480.0,736,717,12,7,0.974184782608696,97.42,WORLD_CLASS,0.0,0.0,2.58
3,"Motor Housing",428,2026-08-17,SWING,100.0,91.81,97.43,480.0,0.0,480.0,661,644,11,6,0.894444444444444,89.44,WORLD_CLASS,0.0,8.19,2.36
3,"Motor Housing",433,2026-08-17,NIGHT,100.0,100.0,97.38,480.0,0.0,480.0,725,706,12,7,0.973793103448276,97.38,WORLD_CLASS,0.0,0.0,2.62
4,Coupling,424,2026-08-17,DAY,100.0,100.0,98.41,480.0,0.0,480.0,944,929,9,6,0.984110169491525,98.41,WORLD_CLASS,0.0,0.0,1.59
4,Coupling,429,2026-08-17,SWING,100.0,100.0,98.49,480.0,0.0,480.0,927,913,9,5,0.984897518878101,98.49,WORLD_CLASS,0.0,0.0,1.51
4,Coupling,434,2026-08-17,NIGHT,100.0,100.0,98.48,480.0,0.0,480.0,921,907,9,5,0.984799131378936,98.48,WORLD_CLASS,0.0,0.0,1.52
5,Gearbox,425,2026-08-17,DAY,4.15,100.0,85.71,480.0,460.1,19.9,28,24,3,1,0.0355357142857142,3.55,CRITICAL,95.85,0.0,0.59
5,Gearbox,430,2026-08-17,SWING,100.0,100.0,96.88,480.0,0.0,480.0,704,682,14,8,0.96875,96.88,WORLD_CLASS,0.0,0.0,3.13
5,Gearbox,435,2026-08-17,NIGHT,100.0,98.13,96.97,480.0,0.0,480.0,628,609,12,7,0.9515625,95.16,WORLD_CLASS,0.0,1.88,2.97
1,Bearing,436,2026-08-18,DAY,100.0,100.0,97.99,480.0,0.0,480.0,997,977,12,8,0.979939819458375,97.99,WORLD_CLASS,0.0,0.0,2.01
1,Bearing,441,2026-08-18,SWING,100.0,91.88,97.96,480.0,0.0,480.0,882,864,11,7,0.9,90.0,WORLD_CLASS,0.0,8.13,1.88
1,Bearing,446,2026-08-18,NIGHT,100.0,100.0,97.93,480.0,0.0,480.0,964,944,12,8,0.979253112033195,97.93,WORLD_CLASS,0.0,0.0,2.07
2,Shaft,437,2026-08-18,DAY,100.0,99.12,98.99,480.0,0.0,480.0,793,785,5,3,0.98125,98.13,WORLD_CLASS,0.0,0.88,1.0
2,Shaft,442,2026-08-18,SWING,100.0,100.0,98.98,480.0,0.0,480.0,880,871,6,3,0.989772727272727,98.98,WORLD_CLASS,0.0,0.0,1.02
2,Shaft,447,2026-08-18,NIGHT,100.0,100.0,98.89,480.0,0.0,480.0,813,804,6,3,0.988929889298893,98.89,WORLD_CLASS,0.0,0.0,1.11
3,"Motor Housing",438,2026-08-18,DAY,100.0,98.33,97.46,480.0,0.0,480.0,708,690,11,7,0.958333333333333,95.83,WORLD_CLASS,0.0,1.67,2.5
3,"Motor Housing",443,2026-08-18,SWING,100.0,100.0,97.39,480.0,0.0,480.0,729,710,12,7,0.973936899862826,97.39,WORLD_CLASS,0.0,0.0,2.61
3,"Motor Housing",448,2026-08-18,NIGHT,100.0,100.0,97.46,480.0,0.0,480.0,749,730,12,7,0.974632843791722,97.46,WORLD_CLASS,0.0,0.0,2.54
4,Coupling,439,2026-08-18,DAY,100.0,100.0,98.43,480.0,0.0,480.0,890,876,9,5,0.984269662921348,98.43,WORLD_CLASS,0.0,0.0,1.57
4,Coupling,444,2026-08-18,SWING,100.0,92.05,98.4,480.0,0.0,480.0,810,797,8,5,0.905681818181818,90.57,WORLD_CLASS,0.0,7.95,1.48
4,Coupling,449,2026-08-18,NIGHT,100.0,96.14,98.46,480.0,0.0,480.0,846,833,8,5,0.946590909090909,94.66,WORLD_CLASS,0.0,3.86,1.48
5,Gearbox,440,2026-08-18,DAY,100.0,100.0,96.88,480.0,0.0,480.0,641,621,12,8,0.968798751950078,96.88,WORLD_CLASS,0.0,0.0,3.12
5,Gearbox,445,2026-08-18,SWING,100.0,100.0,96.9,480.0,0.0,480.0,678,657,13,8,0.969026548672566,96.9,WORLD_CLASS,0.0,0.0,3.1
5,Gearbox,450,2026-08-18,NIGHT,100.0,85.78,96.9,480.0,0.0,480.0,549,532,11,6,0.83125,83.13,ACCEPTABLE,0.0,14.22,2.66
1,Bearing,451,2026-08-19,DAY,92.32,100.0,97.97,480.0,36.86,443.14,887,869,11,7,0.904473553175498,90.45,WORLD_CLASS,7.68,0.0,1.87
1,Bearing,456,2026-08-19,SWING,100.0,100.0,97.97,480.0,0.0,480.0,985,965,12,8,0.979695431472081,97.97,WORLD_CLASS,0.0,0.0,2.03
1,Bearing,461,2026-08-19,NIGHT,100.0,100.0,97.98,480.0,0.0,480.0,1042,1021,13,8,0.979846449136276,97.98,WORLD_CLASS,0.0,0.0,2.02
2,Shaft,452,2026-08-19,DAY,100.0,100.0,98.89,480.0,0.0,480.0,814,805,6,3,0.988943488943489,98.89,WORLD_CLASS,0.0,0.0,1.11
2,Shaft,457,2026-08-19,SWING,100.0,99.0,98.99,480.0,0.0,480.0,792,784,5,3,0.98,98.0,WORLD_CLASS,0.0,1.0,1.0
2,Shaft,462,2026-08-19,NIGHT,100.0,96.0,98.96,480.0,0.0,480.0,768,760,5,3,0.95,95.0,WORLD_CLASS,0.0,4.0,1.0
3,"Motor Housing",453,2026-08-19,DAY,100.0,100.0,97.5,480.0,0.0,480.0,760,741,12,7,0.975,97.5,WORLD_CLASS,0.0,0.0,2.5
3,"Motor Housing",458,2026-08-19,SWING,100.0,99.31,97.48,480.0,0.0,480.0,715,697,11,7,0.968055555555555,96.81,WORLD_CLASS,0.0,0.69,2.5
3,"Motor Housing",463,2026-08-19,NIGHT,100.0,100.0,97.38,480.0,0.0,480.0,725,706,12,7,0.973793103448276,97.38,WORLD_CLASS,0.0,0.0,2.62
4,Coupling,454,2026-08-19,DAY,100.0,96.82,98.47,480.0,0.0,480.0,852,839,8,5,0.953409090909091,95.34,WORLD_CLASS,0.0,3.18,1.48
4,Coupling,459,2026-08-19,SWING,100.0,100.0,98.44,480.0,0.0,480.0,896,882,9,5,0.984375,98.44,WORLD_CLASS,0.0,0.0,1.56
4,Coupling,464,2026-08-19,NIGHT,100.0,98.86,98.39,480.0,0.0,480.0,870,856,9,5,0.972727272727273,97.27,WORLD_CLASS,0.0,1.14,1.59
5,Gearbox,455,2026-08-19,DAY,100.0,99.22,96.85,480.0,0.0,480.0,635,615,12,8,0.9609375,96.09,WORLD_CLASS,0.0,0.78,3.13
5,Gearbox,460,2026-08-19,SWING,100.0,95.63,96.9,480.0,0.0,480.0,612,593,12,7,0.9265625,92.66,WORLD_CLASS,0.0,4.37,2.97
5,Gearbox,465,2026-08-19,NIGHT,100.0,97.03,96.94,480.0,0.0,480.0,621,602,12,7,0.940625,94.06,WORLD_CLASS,0.0,2.97,2.97
1,Bearing,466,2026-08-20,DAY,91.55,100.0,97.91,480.0,40.56,439.44,907,888,12,7,0.896321940463065,89.63,WORLD_CLASS,8.45,0.0,1.92
1,Bearing,471,2026-08-20,SWING,94.84,100.0,97.91,480.0,24.77,455.23,955,935,12,8,0.928534140488656,92.85,WORLD_CLASS,5.16,0.0,1.99
1,Bearing,476,2026-08-20,NIGHT,100.0,94.79,97.91,480.0,0.0,480.0,910,891,12,7,0.928125,92.81,WORLD_CLASS,0.0,5.21,1.98
2,Shaft,467,2026-08-20,DAY,100.0,100.0,98.93,480.0,0.0,480.0,845,836,6,3,0.989349112426036,98.93,WORLD_CLASS,0.0,0.0,1.07
2,Shaft,472,2026-08-20,SWING,100.0,93.38,98.93,480.0,0.0,480.0,747,739,5,3,0.92375,92.38,WORLD_CLASS,0.0,6.63,1.0
2,Shaft,477,2026-08-20,NIGHT,100.0,93.0,98.92,480.0,0.0,480.0,744,736,5,3,0.92,92.0,WORLD_CLASS,0.0,7.0,1.0
3,"Motor Housing",468,2026-08-20,DAY,100.0,100.0,97.42,480.0,0.0,480.0,776,756,12,8,0.974226804123711,97.42,WORLD_CLASS,0.0,0.0,2.58
3,"Motor Housing",473,2026-08-20,SWING,100.0,100.0,97.38,480.0,0.0,480.0,726,707,12,7,0.973829201101928,97.38,WORLD_CLASS,0.0,0.0,2.62
3,"Motor Housing",478,2026-08-20,NIGHT,94.71,100.0,97.44,480.0,25.38,454.62,742,723,12,7,0.922872473045822,92.29,WORLD_CLASS,5.29,0.0,2.43
4,Coupling,469,2026-08-20,DAY,100.0,100.0,98.46,480.0,0.0,480.0,911,897,9,5,0.984632272228321,98.46,WORLD_CLASS,0.0,0.0,1.54
4,Coupling,474,2026-08-20,SWING,100.0,100.0,98.46,480.0,0.0,480.0,908,894,9,5,0.984581497797357,98.46,WORLD_CLASS,0.0,0.0,1.54
4,Coupling,479,2026-08-20,NIGHT,100.0,97.95,98.49,480.0,0.0,480.0,862,849,8,5,0.964772727272727,96.48,WORLD_CLASS,0.0,2.05,1.48
5,Gearbox,470,2026-08-20,DAY,100.0,98.28,96.98,480.0,0.0,480.0,629,610,12,7,0.953125,95.31,WORLD_CLASS,0.0,1.72,2.97
5,Gearbox,475,2026-08-20,SWING,100.0,100.0,96.97,480.0,0.0,480.0,661,641,12,8,0.969742813918306,96.97,WORLD_CLASS,0.0,0.0,3.03
5,Gearbox,480,2026-08-20,NIGHT,100.0,92.19,96.95,480.0,0.0,480.0,590,572,11,7,0.89375,89.38,WORLD_CLASS,0.0,7.81,2.81
1,Bearing,481,2026-08-21,DAY,100.0,94.27,97.9,480.0,0.0,480.0,905,886,12,7,0.922916666666667,92.29,WORLD_CLASS,0.0,5.73,1.98
1,Bearing,486,2026-08-21,SWING,100.0,100.0,97.95,480.0,0.0,480.0,975,955,12,8,0.979487179487179,97.95,WORLD_CLASS,0.0,0.0,2.05
1,Bearing,491,2026-08-21,NIGHT,100.0,98.44,97.99,480.0,0.0,480.0,945,926,12,7,0.964583333333333,96.46,WORLD_CLASS,0.0,1.56,1.98
2,Shaft,482,2026-08-21,DAY,100.0,100.0,98.88,480.0,0.0,480.0,804,795,6,3,0.988805970149254,98.88,WORLD_CLASS,0.0,0.0,1.12
2,Shaft,487,2026-08-21,SWING,100.0,100.0,98.91,480.0,0.0,480.0,822,813,6,3,0.989051094890511,98.91,WORLD_CLASS,0.0,0.0,1.09
2,Shaft,492,2026-08-21,NIGHT,100.0,97.25,98.97,480.0,0.0,480.0,778,770,5,3,0.9625,96.25,WORLD_CLASS,0.0,2.75,1.0
3,"Motor Housing",483,2026-08-21,DAY,100.0,100.0,97.39,480.0,0.0,480.0,766,746,12,8,0.973890339425587,97.39,WORLD_CLASS,0.0,0.0,2.61
3,"Motor Housing",488,2026-08-21,SWING,100.0,100.0,97.49,480.0,0.0,480.0,758,739,12,7,0.974934036939314,97.49,WORLD_CLASS,0.0,0.0,2.51
3,"Motor Housing",493,2026-08-21,NIGHT,100.0,100.0,97.45,480.0,0.0,480.0,746,727,12,7,0.974530831099196,97.45,WORLD_CLASS,0.0,0.0,2.55
4,Coupling,484,2026-08-21,DAY,100.0,100.0,98.42,480.0,0.0,480.0,884,870,9,5,0.984162895927602,98.42,WORLD_CLASS,0.0,0.0,1.58
4,Coupling,489,2026-08-21,SWING,100.0,98.52,98.39,480.0,0.0,480.0,867,853,9,5,0.969318181818182,96.93,WORLD_CLASS,0.0,1.48,1.59
4,Coupling,494,2026-08-21,NIGHT,100.0,96.25,98.47,480.0,0.0,480.0,847,834,8,5,0.947727272727273,94.77,WORLD_CLASS,0.0,3.75,1.48
5,Gearbox,485,2026-08-21,DAY,100.0,100.0,96.92,480.0,0.0,480.0,681,660,13,8,0.969162995594714,96.92,WORLD_CLASS,0.0,0.0,3.08
5,Gearbox,490,2026-08-21,SWING,100.0,100.0,96.93,480.0,0.0,480.0,652,632,12,8,0.969325153374233,96.93,WORLD_CLASS,0.0,0.0,3.07
5,Gearbox,495,2026-08-21,NIGHT,100.0,100.0,96.9,480.0,0.0,480.0,645,625,12,8,0.968992248062015,96.9,WORLD_CLASS,0.0,0.0,3.1
1,Bearing,496,2026-08-22,DAY,100.0,96.46,97.95,480.0,0.0,480.0,926,907,12,7,0.944791666666667,94.48,WORLD_CLASS,0.0,3.54,1.98
1,Bearing,501,2026-08-22,SWING,100.0,100.0,97.93,480.0,0.0,480.0,967,947,12,8,0.979317476732161,97.93,WORLD_CLASS,0.0,0.0,2.07
1,Bearing,506,2026-08-22,NIGHT,100.0,100.0,97.92,480.0,0.0,480.0,962,942,12,8,0.979209979209979,97.92,WORLD_CLASS,0.0,0.0,2.08
2,Shaft,497,2026-08-22,DAY,100.0,99.87,99.0,480.0,0.0,480.0,799,791,5,3,0.98875,98.87,WORLD_CLASS,0.0,0.13,1.0
2,Shaft,502,2026-08-22,SWING,100.0,100.0,98.96,480.0,0.0,480.0,868,859,6,3,0.98963133640553,98.96,WORLD_CLASS,0.0,0.0,1.04
2,Shaft,507,2026-08-22,NIGHT,100.0,100.0,98.9,480.0,0.0,480.0,819,810,6,3,0.989010989010989,98.9,WORLD_CLASS,0.0,0.0,1.1
3,"Motor Housing",498,2026-08-22,DAY,100.0,97.78,97.44,480.0,0.0,480.0,704,686,11,7,0.952777777777778,95.28,WORLD_CLASS,0.0,2.22,2.5
3,"Motor Housing",503,2026-08-22,SWING,100.0,85.83,97.41,480.0,0.0,480.0,618,602,10,6,0.836111111111111,83.61,ACCEPTABLE,0.0,14.17,2.22
3,"Motor Housing",508,2026-08-22,NIGHT,100.0,100.0,97.45,480.0,0.0,480.0,745,726,12,7,0.974496644295302,97.45,WORLD_CLASS,0.0,0.0,2.55
4,Coupling,499,2026-08-22,DAY,100.0,100.0,98.5,480.0,0.0,480.0,931,917,9,5,0.984962406015038,98.5,WORLD_CLASS,0.0,0.0,1.5
4,Coupling,504,2026-08-22,SWING,100.0,94.66,98.44,480.0,0.0,480.0,833,820,8,5,0.931818181818182,93.18,WORLD_CLASS,0.0,5.34,1.48
4,Coupling,509,2026-08-22,NIGHT,100.0,100.0,98.43,480.0,0.0,480.0,894,880,9,5,0.984340044742729,98.43,WORLD_CLASS,0.0,0.0,1.57
5,Gearbox,500,2026-08-22,DAY,100.0,100.0,96.9,480.0,0.0,480.0,645,625,12,8,0.968992248062015,96.9,WORLD_CLASS,0.0,0.0,3.1
5,Gearbox,505,2026-08-22,SWING,100.0,86.56,96.93,480.0,0.0,480.0,554,537,11,6,0.8390625,83.91,ACCEPTABLE,0.0,13.44,2.66
5,Gearbox,510,2026-08-22,NIGHT,96.37,95.82,96.95,480.0,17.41,462.59,591,573,11,7,0.8953125,89.53,WORLD_CLASS,3.63,4.03,2.81
1,Bearing,511,2026-08-23,DAY,100.0,100.0,97.99,480.0,0.0,480.0,1046,1025,13,8,0.979923518164436,97.99,WORLD_CLASS,0.0,0.0,2.01
1,Bearing,516,2026-08-23,SWING,100.0,97.71,97.97,480.0,0.0,480.0,938,919,12,7,0.957291666666667,95.73,WORLD_CLASS,0.0,2.29,1.98
1,Bearing,521,2026-08-23,NIGHT,100.0,100.0,97.94,480.0,0.0,480.0,1021,1000,13,8,0.979431929480901,97.94,WORLD_CLASS,0.0,0.0,2.06
2,Shaft,512,2026-08-23,DAY,100.0,100.0,98.89,480.0,0.0,480.0,814,805,6,3,0.988943488943489,98.89,WORLD_CLASS,0.0,0.0,1.11
2,Shaft,517,2026-08-23,SWING,100.0,97.87,98.98,480.0,0.0,480.0,783,775,5,3,0.96875,96.87,WORLD_CLASS,0.0,2.13,1.0
2,Shaft,522,2026-08-23,NIGHT,100.0,95.13,98.95,480.0,0.0,480.0,761,753,5,3,0.94125,94.12,WORLD_CLASS,0.0,4.88,1.0
3,"Motor Housing",513,2026-08-23,DAY,96.36,98.87,97.38,480.0,17.45,462.55,686,668,11,7,0.927777777777778,92.78,WORLD_CLASS,3.64,1.09,2.5
3,"Motor Housing",518,2026-08-23,SWING,98.81,100.0,97.5,480.0,5.69,474.31,720,702,11,7,0.9634421875,96.34,WORLD_CLASS,1.19,0.0,2.47
3,"Motor Housing",523,2026-08-23,NIGHT,100.0,94.44,97.5,480.0,0.0,480.0,680,663,11,6,0.920833333333333,92.08,WORLD_CLASS,0.0,5.56,2.36
4,Coupling,514,2026-08-23,DAY,100.0,94.55,98.44,480.0,0.0,480.0,832,819,8,5,0.930681818181818,93.07,WORLD_CLASS,0.0,5.45,1.48
4,Coupling,519,2026-08-23,SWING,100.0,100.0,98.43,480.0,0.0,480.0,891,877,9,5,0.984287317620651,98.43,WORLD_CLASS,0.0,0.0,1.57
4,Coupling,524,2026-08-23,NIGHT,100.0,100.0,98.43,480.0,0.0,480.0,894,880,9,5,0.984340044742729,98.43,WORLD_CLASS,0.0,0.0,1.57
5,Gearbox,515,2026-08-23,DAY,100.0,100.0,96.94,480.0,0.0,480.0,654,634,12,8,0.969418960244648,96.94,WORLD_CLASS,0.0,0.0,3.06
5,Gearbox,520,2026-08-23,SWING,100.0,95.94,96.91,480.0,0.0,480.0,614,595,12,7,0.9296875,92.97,WORLD_CLASS,0.0,4.06,2.97
5,Gearbox,525,2026-08-23,NIGHT,100.0,100.0,96.89,480.0,0.0,480.0,644,624,12,8,0.968944099378882,96.89,WORLD_CLASS,0.0,0.0,3.11
1,Bearing,526,2026-08-24,DAY,100.0,100.0,97.93,480.0,0.0,480.0,964,944,12,8,0.979253112033195,97.93,WORLD_CLASS,0.0,0.0,2.07
1,Bearing,531,2026-08-24,SWING,100.0,100.0,97.99,480.0,0.0,480.0,996,976,12,8,0.979919678714859,97.99,WORLD_CLASS,0.0,0.0,2.01
1,Bearing,536,2026-08-24,NIGHT,100.0,100.0,97.92,480.0,0.0,480.0,1056,1034,14,8,0.979166666666667,97.92,WORLD_CLASS,0.0,0.0,2.08
2,Shaft,527,2026-08-24,DAY,100.0,98.0,98.98,480.0,0.0,480.0,784,776,5,3,0.97,97.0,WORLD_CLASS,0.0,2.0,1.0
2,Shaft,532,2026-08-24,SWING,100.0,95.0,98.95,480.0,0.0,480.0,760,752,5,3,0.94,94.0,WORLD_CLASS,0.0,5.0,1.0
2,Shaft,537,2026-08-24,NIGHT,100.0,93.0,98.92,480.0,0.0,480.0,744,736,5,3,0.92,92.0,WORLD_CLASS,0.0,7.0,1.0
3,"Motor Housing",528,2026-08-24,DAY,100.0,100.0,97.37,480.0,0.0,480.0,722,703,12,7,0.973684210526316,97.37,WORLD_CLASS,0.0,0.0,2.63
3,"Motor Housing",533,2026-08-24,SWING,100.0,98.89,97.47,480.0,0.0,480.0,712,694,11,7,0.963888888888889,96.39,WORLD_CLASS,0.0,1.11,2.5
3,"Motor Housing",538,2026-08-24,NIGHT,100.0,96.25,97.4,480.0,0.0,480.0,693,675,11,7,0.9375,93.75,WORLD_CLASS,0.0,3.75,2.5
4,Coupling,529,2026-08-24,DAY,100.0,97.27,98.48,480.0,0.0,480.0,856,843,8,5,0.957954545454545,95.8,WORLD_CLASS,0.0,2.73,1.48
4,Coupling,534,2026-08-24,SWING,100.0,100.0,98.47,480.0,0.0,480.0,913,899,9,5,0.984665936473165,98.47,WORLD_CLASS,0.0,0.0,1.53
4,Coupling,539,2026-08-24,NIGHT,95.8,100.0,98.47,480.0,20.14,459.86,847,834,8,5,0.943337367178276,94.33,WORLD_CLASS,4.2,0.0,1.47
5,Gearbox,530,2026-08-24,DAY,100.0,91.72,96.93,480.0,0.0,480.0,587,569,11,7,0.8890625,88.91,WORLD_CLASS,0.0,8.28,2.81
5,Gearbox,535,2026-08-24,SWING,100.0,100.0,96.88,480.0,0.0,480.0,641,621,12,8,0.968798751950078,96.88,WORLD_CLASS,0.0,0.0,3.12
5,Gearbox,540,2026-08-24,NIGHT,100.0,100.0,96.93,480.0,0.0,480.0,683,662,13,8,0.969253294289897,96.93,WORLD_CLASS,0.0,0.0,3.07
1,Bearing,541,2026-08-25,DAY,100.0,98.75,98.0,480.0,0.0,480.0,948,929,12,7,0.967708333333333,96.77,WORLD_CLASS,0.0,1.25,1.98
1,Bearing,546,2026-08-25,SWING,94.48,100.0,97.99,480.0,26.49,453.51,947,928,12,7,0.925856388595565,92.59,WORLD_CLASS,5.52,0.0,1.9
1,Bearing,551,2026-08-25,NIGHT,100.0,100.0,97.95,480.0,0.0,480.0,974,954,12,8,0.979466119096509,97.95,WORLD_CLASS,0.0,0.0,2.05
2,Shaft,542,2026-08-25,DAY,100.0,92.88,98.92,480.0,0.0,480.0,743,735,5,3,0.91875,91.88,WORLD_CLASS,0.0,7.12,1.0
2,Shaft,547,2026-08-25,SWING,100.0,96.63,98.97,480.0,0.0,480.0,773,765,5,3,0.95625,95.63,WORLD_CLASS,0.0,3.38,1.0
2,Shaft,552,2026-08-25,NIGHT,100.0,95.25,98.95,480.0,0.0,480.0,762,754,5,3,0.9425,94.25,WORLD_CLASS,0.0,4.75,1.0
3,"Motor Housing",543,2026-08-25,DAY,100.0,100.0,97.37,480.0,0.0,480.0,761,741,12,8,0.973718791064389,97.37,WORLD_CLASS,0.0,0.0,2.63
3,"Motor Housing",548,2026-08-25,SWING,100.0,97.78,97.44,480.0,0.0,480.0,704,686,11,7,0.952777777777778,95.28,WORLD_CLASS,0.0,2.22,2.5
3,"Motor Housing",553,2026-08-25,NIGHT,96.84,99.39,97.4,480.0,15.18,464.82,693,675,11,7,0.9375,93.75,WORLD_CLASS,3.16,0.59,2.5
4,Coupling,544,2026-08-25,DAY,96.17,95.36,98.39,480.0,18.38,461.62,807,794,8,5,0.902272727272727,90.23,WORLD_CLASS,3.83,4.47,1.48
4,Coupling,549,2026-08-25,SWING,95.46,100.0,98.49,480.0,21.8,458.2,861,848,8,5,0.940170344560588,94.02,WORLD_CLASS,4.54,0.0,1.44
4,Coupling,554,2026-08-25,NIGHT,100.0,94.55,98.44,480.0,0.0,480.0,832,819,8,5,0.930681818181818,93.07,WORLD_CLASS,0.0,5.45,1.48
5,Gearbox,545,2026-08-25,DAY,100.0,99.06,96.85,480.0,0.0,480.0,634,614,12,8,0.959375,95.94,WORLD_CLASS,0.0,0.94,3.13
5,Gearbox,550,2026-08-25,SWING,100.0,98.91,97.0,480.0,0.0,480.0,633,614,12,7,0.959375,95.94,WORLD_CLASS,0.0,1.09,2.97
5,Gearbox,555,2026-08-25,NIGHT,93.91,92.17,96.93,480.0,29.21,450.79,554,537,11,6,0.8390625,83.91,ACCEPTABLE,6.09,7.35,2.66
1,Bearing,556,2026-08-26,DAY,100.0,100.0,97.99,480.0,0.0,480.0,1044,1023,13,8,0.979885057471264,97.99,WORLD_CLASS,0.0,0.0,2.01
1,Bearing,561,2026-08-26,SWING,96.65,98.94,97.93,480.0,16.1,463.9,918,899,12,7,0.936458333333333,93.65,WORLD_CLASS,3.35,1.02,1.98
1,Bearing,566,2026-08-26,NIGHT,100.0,92.4,97.97,480.0,0.0,480.0,887,869,11,7,0.905208333333333,90.52,WORLD_CLASS,0.0,7.6,1.88
2,Shaft,557,2026-08-26,DAY,100.0,100.0,98.9,480.0,0.0,480.0,818,809,6,3,0.988997555012225,98.9,WORLD_CLASS,0.0,0.0,1.1
2,Shaft,562,2026-08-26,SWING,100.0,92.88,98.92,480.0,0.0,480.0,743,735,5,3,0.91875,91.88,WORLD_CLASS,0.0,7.12,1.0
2,Shaft,567,2026-08-26,NIGHT,100.0,100.0,98.93,480.0,0.0,480.0,839,830,6,3,0.98927294398093,98.93,WORLD_CLASS,0.0,0.0,1.07
3,"Motor Housing",558,2026-08-26,DAY,100.0,100.0,97.48,480.0,0.0,480.0,753,734,12,7,0.974767596281541,97.48,WORLD_CLASS,0.0,0.0,2.52
3,"Motor Housing",563,2026-08-26,SWING,96.96,100.0,97.49,480.0,14.61,465.39,717,699,11,7,0.945222018828452,94.52,WORLD_CLASS,3.04,0.0,2.43
3,"Motor Housing",568,2026-08-26,NIGHT,100.0,100.0,97.46,480.0,0.0,480.0,747,728,12,7,0.974564926372155,97.46,WORLD_CLASS,0.0,0.0,2.54
4,Coupling,559,2026-08-26,DAY,100.0,95.11,98.45,480.0,0.0,480.0,837,824,8,5,0.936363636363636,93.64,WORLD_CLASS,0.0,4.89,1.48
4,Coupling,564,2026-08-26,SWING,100.0,96.36,98.47,480.0,0.0,480.0,848,835,8,5,0.948863636363636,94.89,WORLD_CLASS,0.0,3.64,1.48
4,Coupling,569,2026-08-26,NIGHT,96.27,100.0,98.5,480.0,17.89,462.11,864,851,8,5,0.948243658371914,94.82,WORLD_CLASS,3.73,0.0,1.45
5,Gearbox,560,2026-08-26,DAY,100.0,99.84,96.87,480.0,0.0,480.0,639,619,12,8,0.9671875,96.72,WORLD_CLASS,0.0,0.16,3.13
5,Gearbox,565,2026-08-26,SWING,100.0,98.91,97.0,480.0,0.0,480.0,633,614,12,7,0.959375,95.94,WORLD_CLASS,0.0,1.09,2.97
5,Gearbox,570,2026-08-26,NIGHT,100.0,95.47,96.89,480.0,0.0,480.0,611,592,12,7,0.925,92.5,WORLD_CLASS,0.0,4.53,2.97
1,Bearing,571,2026-08-27,DAY,100.0,97.29,97.97,480.0,0.0,480.0,934,915,12,7,0.953125,95.31,WORLD_CLASS,0.0,2.71,1.98
1,Bearing,576,2026-08-27,SWING,100.0,94.38,97.9,480.0,0.0,480.0,906,887,12,7,0.923958333333333,92.4,WORLD_CLASS,0.0,5.63,1.98
1,Bearing,581,2026-08-27,NIGHT,100.0,91.88,97.96,480.0,0.0,480.0,882,864,11,7,0.9,90.0,WORLD_CLASS,0.0,8.13,1.88
2,Shaft,572,2026-08-27,DAY,94.27,100.0,99.0,480.0,27.49,452.51,800,792,5,3,0.933301875,93.33,WORLD_CLASS,5.73,0.0,0.94
2,Shaft,577,2026-08-27,SWING,100.0,100.0,98.95,480.0,0.0,480.0,861,852,6,3,0.989547038327526,98.95,WORLD_CLASS,0.0,0.0,1.05
2,Shaft,582,2026-08-27,NIGHT,100.0,100.0,98.89,480.0,0.0,480.0,813,804,6,3,0.988929889298893,98.89,WORLD_CLASS,0.0,0.0,1.11
3,"Motor Housing",573,2026-08-27,DAY,95.62,98.62,97.5,480.0,21.01,458.99,679,662,11,6,0.919444444444444,91.94,WORLD_CLASS,4.38,1.32,2.36
3,"Motor Housing",578,2026-08-27,SWING,100.0,90.0,97.38,480.0,0.0,480.0,648,631,11,6,0.876388888888889,87.64,WORLD_CLASS,0.0,10.0,2.36
3,"Motor Housing",583,2026-08-27,NIGHT,100.0,100.0,97.43,480.0,0.0,480.0,738,719,12,7,0.974254742547426,97.43,WORLD_CLASS,0.0,0.0,2.57
4,Coupling,574,2026-08-27,DAY,95.99,100.0,98.48,480.0,19.23,460.77,856,843,8,5,0.945359009929907,94.54,WORLD_CLASS,4.01,0.0,1.46
4,Coupling,579,2026-08-27,SWING,96.58,100.0,98.49,480.0,16.42,463.58,859,846,8,5,0.95117549476135,95.12,WORLD_CLASS,3.42,0.0,1.46
4,Coupling,584,2026-08-27,NIGHT,100.0,100.0,98.41,480.0,0.0,480.0,882,868,9,5,0.984126984126984,98.41,WORLD_CLASS,0.0,0.0,1.59
5,Gearbox,575,2026-08-27,DAY,100.0,100.0,96.89,480.0,0.0,480.0,644,624,12,8,0.968944099378882,96.89,WORLD_CLASS,0.0,0.0,3.11
5,Gearbox,580,2026-08-27,SWING,100.0,99.53,96.86,480.0,0.0,480.0,637,617,12,8,0.9640625,96.41,WORLD_CLASS,0.0,0.47,3.12
5,Gearbox,585,2026-08-27,NIGHT,100.0,95.78,96.9,480.0,0.0,480.0,613,594,12,7,0.928125,92.81,WORLD_CLASS,0.0,4.22,2.97
1,Bearing,586,2026-08-28,DAY,100.0,100.0,97.96,480.0,0.0,480.0,981,961,12,8,0.979612640163099,97.96,WORLD_CLASS,0.0,0.0,2.04
1,Bearing,591,2026-08-28,SWING,100.0,100.0,97.99,480.0,0.0,480.0,997,977,12,8,0.979939819458375,97.99,WORLD_CLASS,0.0,0.0,2.01
1,Bearing,596,2026-08-28,NIGHT,100.0,100.0,97.97,480.0,0.0,480.0,985,965,12,8,0.979695431472081,97.97,WORLD_CLASS,0.0,0.0,2.03
2,Shaft,587,2026-08-28,DAY,100.0,100.0,98.93,480.0,0.0,480.0,844,835,6,3,0.989336492890995,98.93,WORLD_CLASS,0.0,0.0,1.07
2,Shaft,592,2026-08-28,SWING,100.0,100.0,98.95,480.0,0.0,480.0,855,846,6,3,0.989473684210526,98.95,WORLD_CLASS,0.0,0.0,1.05
2,Shaft,597,2026-08-28,NIGHT,100.0,100.0,98.95,480.0,0.0,480.0,860,851,6,3,0.98953488372093,98.95,WORLD_CLASS,0.0,0.0,1.05
3,"Motor Housing",588,2026-08-28,DAY,100.0,100.0,97.39,480.0,0.0,480.0,728,709,12,7,0.973901098901099,97.39,WORLD_CLASS,0.0,0.0,2.61
3,"Motor Housing",593,2026-08-28,SWING,100.0,96.67,97.41,480.0,0.0,480.0,696,678,11,7,0.941666666666667,94.17,WORLD_CLASS,0.0,3.33,2.5
3,"Motor Housing",598,2026-08-28,NIGHT,100.0,100.0,97.37,480.0,0.0,480.0,761,741,12,8,0.973718791064389,97.37,WORLD_CLASS,0.0,0.0,2.63
4,Coupling,589,2026-08-28,DAY,100.0,100.0,98.43,480.0,0.0,480.0,956,941,9,6,0.984309623430962,98.43,WORLD_CLASS,0.0,0.0,1.57
4,Coupling,594,2026-08-28,SWING,100.0,97.39,98.48,480.0,0.0,480.0,857,844,8,5,0.959090909090909,95.91,WORLD_CLASS,0.0,2.61,1.48
4,Coupling,599,2026-08-28,NIGHT,100.0,100.0,98.42,480.0,0.0,480.0,887,873,9,5,0.984216459977452,98.42,WORLD_CLASS,0.0,0.0,1.58
5,Gearbox,590,2026-08-28,DAY,100.0,100.0,96.85,480.0,0.0,480.0,667,646,13,8,0.968515742128936,96.85,WORLD_CLASS,0.0,0.0,3.15
5,Gearbox,595,2026-08-28,SWING,100.0,100.0,96.95,480.0,0.0,480.0,656,636,12,8,0.969512195121951,96.95,WORLD_CLASS,0.0,0.0,3.05
5,Gearbox,600,2026-08-28,NIGHT,100.0,100.0,96.91,480.0,0.0,480.0,647,627,12,8,0.969088098918083,96.91,WORLD_CLASS,0.0,0.0,3.09
1,Bearing,601,2026-08-29,DAY,100.0,98.65,97.99,480.0,0.0,480.0,947,928,12,7,0.966666666666667,96.67,WORLD_CLASS,0.0,1.35,1.98
1,Bearing,606,2026-08-29,SWING,100.0,98.23,97.99,480.0,0.0,480.0,943,924,12,7,0.9625,96.25,WORLD_CLASS,0.0,1.77,1.98
1,Bearing,611,2026-08-29,NIGHT,100.0,100.0,97.96,480.0,0.0,480.0,978,958,12,8,0.979550102249489,97.96,WORLD_CLASS,0.0,0.0,2.04
2,Shaft,602,2026-08-29,DAY,100.0,98.13,98.98,480.0,0.0,480.0,785,777,5,3,0.97125,97.13,WORLD_CLASS,0.0,1.88,1.0
2,Shaft,607,2026-08-29,SWING,100.0,100.0,98.88,480.0,0.0,480.0,806,797,6,3,0.988833746898263,98.88,WORLD_CLASS,0.0,0.0,1.12
2,Shaft,612,2026-08-29,NIGHT,100.0,98.5,98.98,480.0,0.0,480.0,788,780,5,3,0.975,97.5,WORLD_CLASS,0.0,1.5,1.0
3,"Motor Housing",603,2026-08-29,DAY,100.0,97.78,97.44,480.0,0.0,480.0,704,686,11,7,0.952777777777778,95.28,WORLD_CLASS,0.0,2.22,2.5
3,"Motor Housing",608,2026-08-29,SWING,100.0,97.5,97.44,480.0,0.0,480.0,702,684,11,7,0.95,95.0,WORLD_CLASS,0.0,2.5,2.5
3,"Motor Housing",613,2026-08-29,NIGHT,100.0,100.0,97.39,480.0,0.0,480.0,727,708,12,7,0.973865199449794,97.39,WORLD_CLASS,0.0,0.0,2.61
4,Coupling,604,2026-08-29,DAY,94.89,100.0,98.4,480.0,24.54,455.46,873,859,9,5,0.933658218785796,93.37,WORLD_CLASS,5.11,0.0,1.52
4,Coupling,609,2026-08-29,SWING,100.0,98.86,98.39,480.0,0.0,480.0,870,856,9,5,0.972727272727273,97.27,WORLD_CLASS,0.0,1.14,1.59
4,Coupling,614,2026-08-29,NIGHT,100.0,100.0,98.44,480.0,0.0,480.0,897,883,9,5,0.984392419175028,98.44,WORLD_CLASS,0.0,0.0,1.56
5,Gearbox,605,2026-08-29,DAY,100.0,97.66,96.96,480.0,0.0,480.0,625,606,12,7,0.946875,94.69,WORLD_CLASS,0.0,2.34,2.97
5,Gearbox,610,2026-08-29,SWING,100.0,89.06,96.84,480.0,0.0,480.0,570,552,11,7,0.8625,86.25,WORLD_CLASS,0.0,10.94,2.81
5,Gearbox,615,2026-08-29,NIGHT,100.0,90.78,96.9,480.0,0.0,480.0,581,563,11,7,0.8796875,87.97,WORLD_CLASS,0.0,9.22,2.81
1,Bearing,616,2026-08-30,DAY,100.0,100.0,97.92,480.0,0.0,480.0,1056,1034,14,8,0.979166666666667,97.92,WORLD_CLASS,0.0,0.0,2.08
1,Bearing,621,2026-08-30,SWING,100.0,100.0,97.97,480.0,0.0,480.0,983,963,12,8,0.979654120040692,97.97,WORLD_CLASS,0.0,0.0,2.03
1,Bearing,626,2026-08-30,NIGHT,100.0,96.04,97.94,480.0,0.0,480.0,922,903,12,7,0.940625,94.06,WORLD_CLASS,0.0,3.96,1.98
2,Shaft,617,2026-08-30,DAY,100.0,100.0,98.89,480.0,0.0,480.0,808,799,6,3,0.988861386138614,98.89,WORLD_CLASS,0.0,0.0,1.11
2,Shaft,622,2026-08-30,SWING,100.0,98.63,98.99,480.0,0.0,480.0,789,781,5,3,0.97625,97.63,WORLD_CLASS,0.0,1.38,1.0
2,Shaft,627,2026-08-30,NIGHT,100.0,100.0,98.95,480.0,0.0,480.0,858,849,6,3,0.989510489510489,98.95,WORLD_CLASS,0.0,0.0,1.05
3,"Motor Housing",618,2026-08-30,DAY,100.0,100.0,97.39,480.0,0.0,480.0,728,709,12,7,0.973901098901099,97.39,WORLD_CLASS,0.0,0.0,2.61
3,"Motor Housing",623,2026-08-30,SWING,100.0,100.0,97.4,480.0,0.0,480.0,732,713,12,7,0.974043715846995,97.4,WORLD_CLASS,0.0,0.0,2.6
3,"Motor Housing",628,2026-08-30,NIGHT,100.0,100.0,97.41,480.0,0.0,480.0,734,715,12,7,0.974114441416894,97.41,WORLD_CLASS,0.0,0.0,2.59
4,Coupling,619,2026-08-30,DAY,100.0,91.36,98.38,480.0,0.0,480.0,804,791,8,5,0.898863636363636,89.89,WORLD_CLASS,0.0,8.64,1.48
4,Coupling,624,2026-08-30,SWING,100.0,100.0,98.41,480.0,0.0,480.0,941,926,9,6,0.984059511158342,98.41,WORLD_CLASS,0.0,0.0,1.59
4,Coupling,629,2026-08-30,NIGHT,100.0,99.77,98.41,480.0,0.0,480.0,878,864,9,5,0.981818181818182,98.18,WORLD_CLASS,0.0,0.23,1.59
5,Gearbox,620,2026-08-30,DAY,100.0,100.0,96.98,480.0,0.0,480.0,662,642,12,8,0.969788519637462,96.98,WORLD_CLASS,0.0,0.0,3.02
5,Gearbox,625,2026-08-30,SWING,100.0,98.75,96.99,480.0,0.0,480.0,632,613,12,7,0.9578125,95.78,WORLD_CLASS,0.0,1.25,2.97
5,Gearbox,630,2026-08-30,NIGHT,100.0,100.0,96.88,480.0,0.0,480.0,704,682,14,8,0.96875,96.88,WORLD_CLASS,0.0,0.0,3.13
1,Bearing,631,2026-08-31,DAY,100.0,100.0,97.95,480.0,0.0,480.0,974,954,12,8,0.979466119096509,97.95,WORLD_CLASS,0.0,0.0,2.05
1,Bearing,636,2026-08-31,SWING,100.0,100.0,97.95,480.0,0.0,480.0,974,954,12,8,0.979466119096509,97.95,WORLD_CLASS,0.0,0.0,2.05
1,Bearing,641,2026-08-31,NIGHT,100.0,100.0,97.99,480.0,0.0,480.0,994,974,12,8,0.979879275653924,97.99,WORLD_CLASS,0.0,0.0,2.01
2,Shaft,632,2026-08-31,DAY,100.0,99.75,99.0,480.0,0.0,480.0,798,790,5,3,0.9875,98.75,WORLD_CLASS,0.0,0.25,1.0
2,Shaft,637,2026-08-31,SWING,94.88,97.36,98.92,480.0,24.57,455.43,739,731,5,3,0.91375,91.38,WORLD_CLASS,5.12,2.51,1.0
2,Shaft,642,2026-08-31,NIGHT,100.0,100.0,98.92,480.0,0.0,480.0,836,827,6,3,0.989234449760766,98.92,WORLD_CLASS,0.0,0.0,1.08
3,"Motor Housing",633,2026-08-31,DAY,100.0,100.0,97.41,480.0,0.0,480.0,734,715,12,7,0.974114441416894,97.41,WORLD_CLASS,0.0,0.0,2.59
3,"Motor Housing",638,2026-08-31,SWING,100.0,99.31,97.48,480.0,0.0,480.0,715,697,11,7,0.968055555555555,96.81,WORLD_CLASS,0.0,0.69,2.5
3,"Motor Housing",643,2026-08-31,NIGHT,100.0,100.0,97.41,480.0,0.0,480.0,733,714,12,7,0.974079126875853,97.41,WORLD_CLASS,0.0,0.0,2.59
4,Coupling,634,2026-08-31,DAY,100.0,98.64,98.39,480.0,0.0,480.0,868,854,9,5,0.970454545454545,97.05,WORLD_CLASS,0.0,1.36,1.59
4,Coupling,639,2026-08-31,SWING,100.0,100.0,98.44,480.0,0.0,480.0,899,885,9,5,0.984427141268076,98.44,WORLD_CLASS,0.0,0.0,1.56
4,Coupling,644,2026-08-31,NIGHT,100.0,100.0,98.46,480.0,0.0,480.0,908,894,9,5,0.984581497797357,98.46,WORLD_CLASS,0.0,0.0,1.54
5,Gearbox,635,2026-08-31,DAY,100.0,100.0,96.93,480.0,0.0,480.0,651,631,12,8,0.969278033794163,96.93,WORLD_CLASS,0.0,0.0,3.07
5,Gearbox,640,2026-08-31,SWING,100.0,100.0,96.95,480.0,0.0,480.0,656,636,12,8,0.969512195121951,96.95,WORLD_CLASS,0.0,0.0,3.05
5,Gearbox,645,2026-08-31,NIGHT,100.0,98.75,96.99,480.0,0.0,480.0,632,613,12,7,0.9578125,95.78,WORLD_CLASS,0.0,1.25,2.97
1,Bearing,646,2026-09-01,DAY,100.0,99.27,97.9,480.0,0.0,480.0,953,933,12,8,0.971875,97.19,WORLD_CLASS,0.0,0.73,2.08
1,Bearing,651,2026-09-01,SWING,100.0,91.25,97.95,480.0,0.0,480.0,876,858,11,7,0.89375,89.38,WORLD_CLASS,0.0,8.75,1.87
1,Bearing,656,2026-09-01,NIGHT,100.0,100.0,97.97,480.0,0.0,480.0,1035,1014,13,8,0.979710144927536,97.97,WORLD_CLASS,0.0,0.0,2.03
2,Shaft,647,2026-09-01,DAY,100.0,100.0,98.94,480.0,0.0,480.0,846,837,6,3,0.98936170212766,98.94,WORLD_CLASS,0.0,0.0,1.06
2,Shaft,652,2026-09-01,SWING,100.0,100.0,98.96,480.0,0.0,480.0,864,855,6,3,0.989583333333333,98.96,WORLD_CLASS,0.0,0.0,1.04
2,Shaft,657,2026-09-01,NIGHT,100.0,95.88,98.96,480.0,0.0,480.0,767,759,5,3,0.94875,94.88,WORLD_CLASS,0.0,4.13,1.0
3,"Motor Housing",648,2026-09-01,DAY,100.0,90.69,97.4,480.0,0.0,480.0,653,636,11,6,0.883333333333333,88.33,WORLD_CLASS,0.0,9.31,2.36
3,"Motor Housing",653,2026-09-01,SWING,100.0,91.67,97.42,480.0,0.0,480.0,660,643,11,6,0.893055555555555,89.31,WORLD_CLASS,0.0,8.33,2.36
3,"Motor Housing",658,2026-09-01,NIGHT,100.0,93.89,97.49,480.0,0.0,480.0,676,659,11,6,0.915277777777778,91.53,WORLD_CLASS,0.0,6.11,2.36
4,Coupling,649,2026-09-01,DAY,100.0,100.0,98.45,480.0,0.0,480.0,901,887,9,5,0.984461709211987,98.45,WORLD_CLASS,0.0,0.0,1.55
4,Coupling,654,2026-09-01,SWING,100.0,100.0,98.44,480.0,0.0,480.0,900,886,9,5,0.984444444444444,98.44,WORLD_CLASS,0.0,0.0,1.56
4,Coupling,659,2026-09-01,NIGHT,100.0,93.18,98.41,480.0,0.0,480.0,820,807,8,5,0.917045454545454,91.7,WORLD_CLASS,0.0,6.82,1.48
5,Gearbox,650,2026-09-01,DAY,97.64,100.0,96.94,480.0,11.35,468.65,687,666,13,8,0.946509279475983,94.65,WORLD_CLASS,2.36,0.0,2.98
5,Gearbox,655,2026-09-01,SWING,100.0,100.0,96.98,480.0,0.0,480.0,695,674,13,8,0.969784172661871,96.98,WORLD_CLASS,0.0,0.0,3.02
5,Gearbox,660,2026-09-01,NIGHT,100.0,100.0,96.99,480.0,0.0,480.0,665,645,12,8,0.969924812030075,96.99,WORLD_CLASS,0.0,0.0,3.01
1,Bearing,661,2026-09-02,DAY,100.0,98.33,97.99,480.0,0.0,480.0,944,925,12,7,0.963541666666667,96.35,WORLD_CLASS,0.0,1.67,1.98
1,Bearing,666,2026-09-02,SWING,100.0,100.0,97.93,480.0,0.0,480.0,968,948,12,8,0.979338842975207,97.93,WORLD_CLASS,0.0,0.0,2.07
1,Bearing,671,2026-09-02,NIGHT,100.0,97.19,97.96,480.0,0.0,480.0,933,914,12,7,0.952083333333333,95.21,WORLD_CLASS,0.0,2.81,1.98
2,Shaft,662,2026-09-02,DAY,100.0,100.0,98.88,480.0,0.0,480.0,802,793,6,3,0.988778054862843,98.88,WORLD_CLASS,0.0,0.0,1.12
2,Shaft,667,2026-09-02,SWING,100.0,92.13,98.91,480.0,0.0,480.0,737,729,5,3,0.91125,91.13,WORLD_CLASS,0.0,7.87,1.0
2,Shaft,672,2026-09-02,NIGHT,100.0,99.12,98.99,480.0,0.0,480.0,793,785,5,3,0.98125,98.13,WORLD_CLASS,0.0,0.88,1.0
3,"Motor Housing",663,2026-09-02,DAY,100.0,100.0,97.4,480.0,0.0,480.0,731,712,12,7,0.974008207934337,97.4,WORLD_CLASS,0.0,0.0,2.6
3,"Motor Housing",668,2026-09-02,SWING,100.0,100.0,97.42,480.0,0.0,480.0,774,754,12,8,0.974160206718346,97.42,WORLD_CLASS,0.0,0.0,2.58
3,"Motor Housing",673,2026-09-02,NIGHT,100.0,97.5,97.44,480.0,0.0,480.0,702,684,11,7,0.95,95.0,WORLD_CLASS,0.0,2.5,2.5
4,Coupling,664,2026-09-02,DAY,100.0,100.0,98.44,480.0,0.0,480.0,900,886,9,5,0.984444444444444,98.44,WORLD_CLASS,0.0,0.0,1.56
4,Coupling,669,2026-09-02,SWING,100.0,86.48,98.42,480.0,0.0,480.0,761,749,8,4,0.851136363636364,85.11,WORLD_CLASS,0.0,13.52,1.36
4,Coupling,674,2026-09-02,NIGHT,100.0,98.3,98.5,480.0,0.0,480.0,865,852,8,5,0.968181818181818,96.82,WORLD_CLASS,0.0,1.7,1.48
5,Gearbox,665,2026-09-02,DAY,100.0,100.0,96.96,480.0,0.0,480.0,658,638,12,8,0.969604863221885,96.96,WORLD_CLASS,0.0,0.0,3.04
5,Gearbox,670,2026-09-02,SWING,100.0,100.0,96.92,480.0,0.0,480.0,681,660,13,8,0.969162995594714,96.92,WORLD_CLASS,0.0,0.0,3.08
5,Gearbox,675,2026-09-02,NIGHT,100.0,100.0,96.88,480.0,0.0,480.0,640,620,12,8,0.96875,96.88,WORLD_CLASS,0.0,0.0,3.13
1,Bearing,676,2026-09-03,DAY,100.0,98.75,98.0,480.0,0.0,480.0,948,929,12,7,0.967708333333333,96.77,WORLD_CLASS,0.0,1.25,1.98
1,Bearing,681,2026-09-03,SWING,100.0,99.38,97.9,480.0,0.0,480.0,954,934,12,8,0.972916666666667,97.29,WORLD_CLASS,0.0,0.62,2.08
1,Bearing,686,2026-09-03,NIGHT,100.0,98.75,98.0,480.0,0.0,480.0,948,929,12,7,0.967708333333333,96.77,WORLD_CLASS,0.0,1.25,1.98
2,Shaft,677,2026-09-03,DAY,100.0,94.62,98.94,480.0,0.0,480.0,757,749,5,3,0.93625,93.62,WORLD_CLASS,0.0,5.38,1.0
2,Shaft,682,2026-09-03,SWING,100.0,96.63,98.97,480.0,0.0,480.0,773,765,5,3,0.95625,95.63,WORLD_CLASS,0.0,3.38,1.0
2,Shaft,687,2026-09-03,NIGHT,100.0,100.0,98.95,480.0,0.0,480.0,858,849,6,3,0.989510489510489,98.95,WORLD_CLASS,0.0,0.0,1.05
3,"Motor Housing",678,2026-09-03,DAY,100.0,100.0,97.47,480.0,0.0,480.0,752,733,12,7,0.974734042553192,97.47,WORLD_CLASS,0.0,0.0,2.53
3,"Motor Housing",683,2026-09-03,SWING,97.55,100.0,97.5,480.0,11.75,468.25,719,701,11,7,0.951098893138618,95.11,WORLD_CLASS,2.45,0.0,2.44
3,"Motor Housing",688,2026-09-03,NIGHT,100.0,95.14,97.37,480.0,0.0,480.0,685,667,11,7,0.926388888888889,92.64,WORLD_CLASS,0.0,4.86,2.5
4,Coupling,679,2026-09-03,DAY,100.0,97.27,98.48,480.0,0.0,480.0,856,843,8,5,0.957954545454545,95.8,WORLD_CLASS,0.0,2.73,1.48
4,Coupling,684,2026-09-03,SWING,100.0,100.0,98.48,480.0,0.0,480.0,920,906,9,5,0.984782608695652,98.48,WORLD_CLASS,0.0,0.0,1.52
4,Coupling,689,2026-09-03,NIGHT,100.0,95.91,98.46,480.0,0.0,480.0,844,831,8,5,0.944318181818182,94.43,WORLD_CLASS,0.0,4.09,1.48
5,Gearbox,680,2026-09-03,DAY,100.0,100.0,96.93,480.0,0.0,480.0,684,663,13,8,0.969298245614035,96.93,WORLD_CLASS,0.0,0.0,3.07
5,Gearbox,685,2026-09-03,SWING,100.0,95.47,96.89,480.0,0.0,480.0,611,592,12,7,0.925,92.5,WORLD_CLASS,0.0,4.53,2.97
5,Gearbox,690,2026-09-03,NIGHT,100.0,100.0,96.9,480.0,0.0,480.0,646,626,12,8,0.969040247678019,96.9,WORLD_CLASS,0.0,0.0,3.1
1,Bearing,691,2026-09-04,DAY,100.0,94.06,97.9,480.0,0.0,480.0,903,884,12,7,0.920833333333333,92.08,WORLD_CLASS,0.0,5.94,1.98
1,Bearing,696,2026-09-04,SWING,96.61,100.0,97.91,480.0,16.26,463.74,956,936,12,8,0.945913179916318,94.59,WORLD_CLASS,3.39,0.0,2.02
1,Bearing,701,2026-09-04,NIGHT,100.0,96.67,97.95,480.0,0.0,480.0,928,909,12,7,0.946875,94.69,WORLD_CLASS,0.0,3.33,1.98
2,Shaft,692,2026-09-04,DAY,100.0,87.75,98.86,480.0,0.0,480.0,702,694,5,3,0.8675,86.75,WORLD_CLASS,0.0,12.25,1.0
2,Shaft,697,2026-09-04,SWING,100.0,100.0,98.9,480.0,0.0,480.0,817,808,6,3,0.988984088127295,98.9,WORLD_CLASS,0.0,0.0,1.1
2,Shaft,702,2026-09-04,NIGHT,100.0,100.0,98.93,480.0,0.0,480.0,839,830,6,3,0.98927294398093,98.93,WORLD_CLASS,0.0,0.0,1.07
3,"Motor Housing",693,2026-09-04,DAY,100.0,91.81,97.43,480.0,0.0,480.0,661,644,11,6,0.894444444444444,89.44,WORLD_CLASS,0.0,8.19,2.36
3,"Motor Housing",698,2026-09-04,SWING,100.0,93.89,97.49,480.0,0.0,480.0,676,659,11,6,0.915277777777778,91.53,WORLD_CLASS,0.0,6.11,2.36
3,"Motor Housing",703,2026-09-04,NIGHT,96.94,98.29,97.38,480.0,14.69,465.31,686,668,11,7,0.927777777777778,92.78,WORLD_CLASS,3.06,1.66,2.5
4,Coupling,694,2026-09-04,DAY,96.13,100.0,98.49,480.0,18.6,461.4,863,850,8,5,0.946769988412514,94.68,WORLD_CLASS,3.88,0.0,1.45
4,Coupling,699,2026-09-04,SWING,100.0,100.0,98.46,480.0,0.0,480.0,911,897,9,5,0.984632272228321,98.46,WORLD_CLASS,0.0,0.0,1.54
4,Coupling,704,2026-09-04,NIGHT,100.0,100.0,98.43,480.0,0.0,480.0,890,876,9,5,0.984269662921348,98.43,WORLD_CLASS,0.0,0.0,1.57
5,Gearbox,695,2026-09-04,DAY,100.0,100.0,96.98,480.0,0.0,480.0,662,642,12,8,0.969788519637462,96.98,WORLD_CLASS,0.0,0.0,3.02
5,Gearbox,700,2026-09-04,SWING,100.0,100.0,96.9,480.0,0.0,480.0,678,657,13,8,0.969026548672566,96.9,WORLD_CLASS,0.0,0.0,3.1
5,Gearbox,705,2026-09-04,NIGHT,100.0,100.0,96.93,480.0,0.0,480.0,652,632,12,8,0.969325153374233,96.93,WORLD_CLASS,0.0,0.0,3.07
1,Bearing,706,2026-09-05,DAY,100.0,92.71,97.98,480.0,0.0,480.0,890,872,11,7,0.908333333333333,90.83,WORLD_CLASS,0.0,7.29,1.87
1,Bearing,711,2026-09-05,SWING,100.0,100.0,97.97,480.0,0.0,480.0,983,963,12,8,0.979654120040692,97.97,WORLD_CLASS,0.0,0.0,2.03
1,Bearing,716,2026-09-05,NIGHT,100.0,98.13,97.98,480.0,0.0,480.0,942,923,12,7,0.961458333333333,96.15,WORLD_CLASS,0.0,1.88,1.98
2,Shaft,707,2026-09-05,DAY,100.0,100.0,98.95,480.0,0.0,480.0,860,851,6,3,0.98953488372093,98.95,WORLD_CLASS,0.0,0.0,1.05
2,Shaft,712,2026-09-05,SWING,100.0,100.0,98.9,480.0,0.0,480.0,818,809,6,3,0.988997555012225,98.9,WORLD_CLASS,0.0,0.0,1.1
2,Shaft,717,2026-09-05,NIGHT,95.94,85.73,98.94,480.0,19.49,460.51,658,651,5,2,0.81375,81.38,ACCEPTABLE,4.06,13.69,0.87
3,"Motor Housing",708,2026-09-05,DAY,100.0,95.83,97.39,480.0,0.0,480.0,690,672,11,7,0.933333333333333,93.33,WORLD_CLASS,0.0,4.17,2.5
3,"Motor Housing",713,2026-09-05,SWING,100.0,100.0,97.37,480.0,0.0,480.0,722,703,12,7,0.973684210526316,97.37,WORLD_CLASS,0.0,0.0,2.63
3,"Motor Housing",718,2026-09-05,NIGHT,100.0,98.75,97.47,480.0,0.0,480.0,711,693,11,7,0.9625,96.25,WORLD_CLASS,0.0,1.25,2.5
4,Coupling,709,2026-09-05,DAY,100.0,99.66,98.4,480.0,0.0,480.0,877,863,9,5,0.980681818181818,98.07,WORLD_CLASS,0.0,0.34,1.59
4,Coupling,714,2026-09-05,SWING,100.0,100.0,98.41,480.0,0.0,480.0,943,928,9,6,0.984093319194062,98.41,WORLD_CLASS,0.0,0.0,1.59
4,Coupling,719,2026-09-05,NIGHT,100.0,98.75,98.39,480.0,0.0,480.0,869,855,9,5,0.971590909090909,97.16,WORLD_CLASS,0.0,1.25,1.59
5,Gearbox,710,2026-09-05,DAY,100.0,97.66,96.96,480.0,0.0,480.0,625,606,12,7,0.946875,94.69,WORLD_CLASS,0.0,2.34,2.97
5,Gearbox,715,2026-09-05,SWING,97.64,100.0,96.85,480.0,11.32,468.68,634,614,12,8,0.945614879074658,94.56,WORLD_CLASS,2.36,0.0,3.08
5,Gearbox,720,2026-09-05,NIGHT,100.0,95.78,96.9,480.0,0.0,480.0,613,594,12,7,0.928125,92.81,WORLD_CLASS,0.0,4.22,2.97
1,Bearing,721,2026-09-06,DAY,100.0,95.83,97.93,480.0,0.0,480.0,920,901,12,7,0.938541666666667,93.85,WORLD_CLASS,0.0,4.17,1.98
1,Bearing,726,2026-09-06,SWING,100.0,96.67,97.95,480.0,0.0,480.0,928,909,12,7,0.946875,94.69,WORLD_CLASS,0.0,3.33,1.98
1,Bearing,731,2026-09-06,NIGHT,100.0,97.08,97.96,480.0,0.0,480.0,932,913,12,7,0.951041666666667,95.1,WORLD_CLASS,0.0,2.92,1.98
2,Shaft,722,2026-09-06,DAY,100.0,100.0,98.91,480.0,0.0,480.0,825,816,6,3,0.989090909090909,98.91,WORLD_CLASS,0.0,0.0,1.09
2,Shaft,727,2026-09-06,SWING,100.0,100.0,98.89,480.0,0.0,480.0,811,802,6,3,0.988902589395808,98.89,WORLD_CLASS,0.0,0.0,1.11
2,Shaft,732,2026-09-06,NIGHT,100.0,99.63,99.0,480.0,0.0,480.0,797,789,5,3,0.98625,98.63,WORLD_CLASS,0.0,0.38,1.0
3,"Motor Housing",723,2026-09-06,DAY,100.0,100.0,97.5,480.0,0.0,480.0,759,740,12,7,0.974967061923584,97.5,WORLD_CLASS,0.0,0.0,2.5
3,"Motor Housing",728,2026-09-06,SWING,100.0,93.33,97.47,480.0,0.0,480.0,672,655,11,6,0.909722222222222,90.97,WORLD_CLASS,0.0,6.67,2.36
3,"Motor Housing",733,2026-09-06,NIGHT,100.0,98.89,97.47,480.0,0.0,480.0,712,694,11,7,0.963888888888889,96.39,WORLD_CLASS,0.0,1.11,2.5
4,Coupling,724,2026-09-06,DAY,100.0,100.0,98.45,480.0,0.0,480.0,965,950,9,6,0.984455958549223,98.45,WORLD_CLASS,0.0,0.0,1.55
4,Coupling,729,2026-09-06,SWING,100.0,100.0,98.47,480.0,0.0,480.0,913,899,9,5,0.984665936473165,98.47,WORLD_CLASS,0.0,0.0,1.53
4,Coupling,734,2026-09-06,NIGHT,100.0,96.93,98.48,480.0,0.0,480.0,853,840,8,5,0.954545454545454,95.45,WORLD_CLASS,0.0,3.07,1.48
5,Gearbox,725,2026-09-06,DAY,100.0,100.0,96.9,480.0,0.0,480.0,677,656,13,8,0.968980797636632,96.9,WORLD_CLASS,0.0,0.0,3.1
5,Gearbox,730,2026-09-06,SWING,100.0,100.0,96.93,480.0,0.0,480.0,652,632,12,8,0.969325153374233,96.93,WORLD_CLASS,0.0,0.0,3.07
5,Gearbox,735,2026-09-06,NIGHT,100.0,100.0,96.93,480.0,0.0,480.0,683,662,13,8,0.969253294289897,96.93,WORLD_CLASS,0.0,0.0,3.07
1,Bearing,736,2026-09-07,DAY,100.0,100.0,97.92,480.0,0.0,480.0,1056,1034,14,8,0.979166666666667,97.92,WORLD_CLASS,0.0,0.0,2.08
1,Bearing,741,2026-09-07,SWING,100.0,100.0,97.92,480.0,0.0,480.0,1056,1034,14,8,0.979166666666667,97.92,WORLD_CLASS,0.0,0.0,2.08
1,Bearing,746,2026-09-07,NIGHT,100.0,99.9,97.91,480.0,0.0,480.0,959,939,12,8,0.978125,97.81,WORLD_CLASS,0.0,0.1,2.08
2,Shaft,737,2026-09-07,DAY,100.0,100.0,98.92,480.0,0.0,480.0,834,825,6,3,0.989208633093525,98.92,WORLD_CLASS,0.0,0.0,1.08
2,Shaft,742,2026-09-07,SWING,100.0,98.38,98.98,480.0,0.0,480.0,787,779,5,3,0.97375,97.38,WORLD_CLASS,0.0,1.62,1.0
2,Shaft,747,2026-09-07,NIGHT,100.0,100.0,98.91,480.0,0.0,480.0,825,816,6,3,0.989090909090909,98.91,WORLD_CLASS,0.0,0.0,1.09
3,"Motor Housing",738,2026-09-07,DAY,100.0,100.0,97.5,480.0,0.0,480.0,759,740,12,7,0.974967061923584,97.5,WORLD_CLASS,0.0,0.0,2.5
3,"Motor Housing",743,2026-09-07,SWING,100.0,100.0,97.41,480.0,0.0,480.0,735,716,12,7,0.974149659863946,97.41,WORLD_CLASS,0.0,0.0,2.59
3,"Motor Housing",748,2026-09-07,NIGHT,100.0,93.75,97.48,480.0,0.0,480.0,675,658,11,6,0.913888888888889,91.39,WORLD_CLASS,0.0,6.25,2.36
4,Coupling,739,2026-09-07,DAY,100.0,100.0,98.42,480.0,0.0,480.0,888,874,9,5,0.984234234234234,98.42,WORLD_CLASS,0.0,0.0,1.58
4,Coupling,744,2026-09-07,SWING,100.0,99.55,98.4,480.0,0.0,480.0,876,862,9,5,0.979545454545454,97.95,WORLD_CLASS,0.0,0.45,1.59
4,Coupling,749,2026-09-07,NIGHT,100.0,99.66,98.4,480.0,0.0,480.0,877,863,9,5,0.980681818181818,98.07,WORLD_CLASS,0.0,0.34,1.59
5,Gearbox,740,2026-09-07,DAY,100.0,98.44,96.98,480.0,0.0,480.0,630,611,12,7,0.9546875,95.47,WORLD_CLASS,0.0,1.56,2.97
5,Gearbox,745,2026-09-07,SWING,100.0,100.0,96.97,480.0,0.0,480.0,660,640,12,8,0.96969696969697,96.97,WORLD_CLASS,0.0,0.0,3.03
5,Gearbox,750,2026-09-07,NIGHT,96.08,100.0,96.96,480.0,18.83,461.17,658,638,12,8,0.931568072441743,93.16,WORLD_CLASS,3.92,0.0,2.92
1,Bearing,751,2026-09-08,DAY,100.0,95.0,97.92,480.0,0.0,480.0,912,893,12,7,0.930208333333333,93.02,WORLD_CLASS,0.0,5.0,1.98
1,Bearing,756,2026-09-08,SWING,100.0,88.96,97.89,480.0,0.0,480.0,854,836,11,7,0.870833333333333,87.08,WORLD_CLASS,0.0,11.04,1.88
1,Bearing,761,2026-09-08,NIGHT,100.0,100.0,97.94,480.0,0.0,480.0,1018,997,13,8,0.979371316306483,97.94,WORLD_CLASS,0.0,0.0,2.06
2,Shaft,752,2026-09-08,DAY,100.0,96.88,98.97,480.0,0.0,480.0,775,767,5,3,0.95875,95.88,WORLD_CLASS,0.0,3.13,1.0
2,Shaft,757,2026-09-08,SWING,100.0,100.0,98.88,480.0,0.0,480.0,807,798,6,3,0.988847583643123,98.88,WORLD_CLASS,0.0,0.0,1.12
2,Shaft,762,2026-09-08,NIGHT,100.0,92.62,98.92,480.0,0.0,480.0,741,733,5,3,0.91625,91.62,WORLD_CLASS,0.0,7.38,1.0
3,"Motor Housing",753,2026-09-08,DAY,100.0,100.0,97.4,480.0,0.0,480.0,770,750,12,8,0.974025974025974,97.4,WORLD_CLASS,0.0,0.0,2.6
3,"Motor Housing",758,2026-09-08,SWING,100.0,93.75,97.48,480.0,0.0,480.0,675,658,11,6,0.913888888888889,91.39,WORLD_CLASS,0.0,6.25,2.36
3,"Motor Housing",763,2026-09-08,NIGHT,100.0,94.58,97.36,480.0,0.0,480.0,681,663,11,7,0.920833333333333,92.08,WORLD_CLASS,0.0,5.42,2.5
4,Coupling,754,2026-09-08,DAY,100.0,100.0,98.44,480.0,0.0,480.0,899,885,9,5,0.984427141268076,98.44,WORLD_CLASS,0.0,0.0,1.56
4,Coupling,759,2026-09-08,SWING,100.0,93.18,98.41,480.0,0.0,480.0,820,807,8,5,0.917045454545454,91.7,WORLD_CLASS,0.0,6.82,1.48
4,Coupling,764,2026-09-08,NIGHT,100.0,97.27,98.48,480.0,0.0,480.0,856,843,8,5,0.957954545454545,95.8,WORLD_CLASS,0.0,2.73,1.48
5,Gearbox,755,2026-09-08,DAY,100.0,100.0,96.89,480.0,0.0,480.0,675,654,13,8,0.968888888888889,96.89,WORLD_CLASS,0.0,0.0,3.11
5,Gearbox,760,2026-09-08,SWING,100.0,100.0,96.94,480.0,0.0,480.0,654,634,12,8,0.969418960244648,96.94,WORLD_CLASS,0.0,0.0,3.06
5,Gearbox,765,2026-09-08,NIGHT,95.29,99.54,96.87,480.0,22.63,457.37,607,588,12,7,0.91875,91.88,WORLD_CLASS,4.71,0.44,2.97
1,Bearing,766,2026-09-09,DAY,100.0,93.44,97.99,480.0,0.0,480.0,897,879,11,7,0.915625,91.56,WORLD_CLASS,0.0,6.56,1.87
1,Bearing,771,2026-09-09,SWING,100.0,100.0,97.92,480.0,0.0,480.0,1056,1034,14,8,0.979166666666667,97.92,WORLD_CLASS,0.0,0.0,2.08
1,Bearing,776,2026-09-09,NIGHT,100.0,94.17,97.9,480.0,0.0,480.0,904,885,12,7,0.921875,92.19,WORLD_CLASS,0.0,5.83,1.98
2,Shaft,767,2026-09-09,DAY,100.0,100.0,98.98,480.0,0.0,480.0,880,871,6,3,0.989772727272727,98.98,WORLD_CLASS,0.0,0.0,1.02
2,Shaft,772,2026-09-09,SWING,100.0,100.0,98.98,480.0,0.0,480.0,880,871,6,3,0.989772727272727,98.98,WORLD_CLASS,0.0,0.0,1.02
2,Shaft,777,2026-09-09,NIGHT,100.0,97.13,98.97,480.0,0.0,480.0,777,769,5,3,0.96125,96.13,WORLD_CLASS,0.0,2.88,1.0
3,"Motor Housing",768,2026-09-09,DAY,100.0,100.0,97.44,480.0,0.0,480.0,742,723,12,7,0.974393530997305,97.44,WORLD_CLASS,0.0,0.0,2.56
3,"Motor Housing",773,2026-09-09,SWING,28.65,97.45,87.56,480.0,342.49,137.51,201,176,15,10,0.244444444444444,24.44,CRITICAL,71.35,0.73,3.47
3,"Motor Housing",778,2026-09-09,NIGHT,0.0,,,480.0,480.0,0.0,0,0,0,0,,,NO_DATA,100.0,,
4,Coupling,769,2026-09-09,DAY,100.0,98.3,98.5,480.0,0.0,480.0,865,852,8,5,0.968181818181818,96.82,WORLD_CLASS,0.0,1.7,1.48
4,Coupling,774,2026-09-09,SWING,25.19,100.0,93.33,480.0,359.07,120.93,225,210,9,6,0.235141666666667,23.51,CRITICAL,74.81,0.0,1.68
4,Coupling,779,2026-09-09,NIGHT,0.0,,,480.0,480.0,0.0,0,0,0,0,,,NO_DATA,100.0,,
5,Gearbox,770,2026-09-09,DAY,100.0,97.5,96.96,480.0,0.0,480.0,624,605,12,7,0.9453125,94.53,WORLD_CLASS,0.0,2.5,2.97
5,Gearbox,775,2026-09-09,SWING,28.65,100.0,91.79,480.0,342.49,137.51,195,179,10,6,0.262973183760684,26.3,CRITICAL,71.35,0.0,2.35
5,Gearbox,780,2026-09-09,NIGHT,0.0,,,480.0,480.0,0.0,0,0,0,0,,,NO_DATA,100.0,,
1,Bearing,781,2026-09-10,DAY,100.0,100.0,97.95,480.0,0.0,480.0,1026,1005,13,8,0.97953216374269,97.95,WORLD_CLASS,0.0,0.0,2.05
1,Bearing,786,2026-09-10,SWING,95.35,100.0,98.0,480.0,22.33,457.67,948,929,12,7,0.934369352144866,93.44,WORLD_CLASS,4.65,0.0,1.91
1,Bearing,791,2026-09-10,NIGHT,100.0,100.0,97.94,480.0,0.0,480.0,969,949,12,8,0.979360165118679,97.94,WORLD_CLASS,0.0,0.0,2.06
2,Shaft,782,2026-09-10,DAY,95.24,96.6,98.91,480.0,22.85,457.15,736,728,5,3,0.91,91.0,WORLD_CLASS,4.76,3.24,1.0
2,Shaft,787,2026-09-10,SWING,100.0,96.0,98.96,480.0,0.0,480.0,768,760,5,3,0.95,95.0,WORLD_CLASS,0.0,4.0,1.0
2,Shaft,792,2026-09-10,NIGHT,100.0,97.25,98.97,480.0,0.0,480.0,778,770,5,3,0.9625,96.25,WORLD_CLASS,0.0,2.75,1.0
3,"Motor Housing",783,2026-09-10,DAY,83.48,97.83,87.59,480.0,79.31,400.69,588,515,44,29,0.715277777777778,71.53,ALERT,16.52,1.81,10.14
3,"Motor Housing",788,2026-09-10,SWING,100.0,93.47,97.47,480.0,0.0,480.0,673,656,11,6,0.911111111111111,91.11,WORLD_CLASS,0.0,6.53,2.36
3,"Motor Housing",793,2026-09-10,NIGHT,100.0,100.0,97.38,480.0,0.0,480.0,726,707,12,7,0.973829201101928,97.38,WORLD_CLASS,0.0,0.0,2.62
4,Coupling,784,2026-09-10,DAY,83.48,93.38,93.44,480.0,79.31,400.69,686,641,27,18,0.728409090909091,72.84,ALERT,16.52,5.52,5.11
4,Coupling,789,2026-09-10,SWING,100.0,96.93,98.48,480.0,0.0,480.0,853,840,8,5,0.954545454545454,95.45,WORLD_CLASS,0.0,3.07,1.48
4,Coupling,794,2026-09-10,NIGHT,100.0,100.0,98.44,480.0,0.0,480.0,900,886,9,5,0.984444444444444,98.44,WORLD_CLASS,0.0,0.0,1.56
5,Gearbox,785,2026-09-10,DAY,83.48,96.21,92.02,480.0,79.31,400.69,514,473,25,16,0.7390625,73.91,ALERT,16.52,3.16,6.41
5,Gearbox,790,2026-09-10,SWING,100.0,100.0,96.99,480.0,0.0,480.0,697,676,13,8,0.96987087517934,96.99,WORLD_CLASS,0.0,0.0,3.01
5,Gearbox,795,2026-09-10,NIGHT,100.0,100.0,96.89,480.0,0.0,480.0,644,624,12,8,0.968944099378882,96.89,WORLD_CLASS,0.0,0.0,3.11
1,Bearing,796,2026-09-11,DAY,100.0,90.94,97.94,480.0,0.0,480.0,873,855,11,7,0.890625,89.06,WORLD_CLASS,0.0,9.06,1.88
1,Bearing,801,2026-09-11,SWING,100.0,100.0,97.92,480.0,0.0,480.0,1011,990,13,8,0.979228486646884,97.92,WORLD_CLASS,0.0,0.0,2.08
1,Bearing,806,2026-09-11,NIGHT,100.0,100.0,97.96,480.0,0.0,480.0,978,958,12,8,0.979550102249489,97.96,WORLD_CLASS,0.0,0.0,2.04
2,Shaft,797,2026-09-11,DAY,100.0,100.0,98.89,480.0,0.0,480.0,812,803,6,3,0.988916256157635,98.89,WORLD_CLASS,0.0,0.0,1.11
2,Shaft,802,2026-09-11,SWING,100.0,97.5,98.97,480.0,0.0,480.0,780,772,5,3,0.965,96.5,WORLD_CLASS,0.0,2.5,1.0
2,Shaft,807,2026-09-11,NIGHT,100.0,99.12,98.99,480.0,0.0,480.0,793,785,5,3,0.98125,98.13,WORLD_CLASS,0.0,0.88,1.0
3,"Motor Housing",798,2026-09-11,DAY,100.0,98.89,97.47,480.0,0.0,480.0,712,694,11,7,0.963888888888889,96.39,WORLD_CLASS,0.0,1.11,2.5
3,"Motor Housing",803,2026-09-11,SWING,100.0,91.39,97.42,480.0,0.0,480.0,658,641,11,6,0.890277777777778,89.03,WORLD_CLASS,0.0,8.61,2.36
3,"Motor Housing",808,2026-09-11,NIGHT,100.0,100.0,97.5,480.0,0.0,480.0,759,740,12,7,0.974967061923584,97.5,WORLD_CLASS,0.0,0.0,2.5
4,Coupling,799,2026-09-11,DAY,100.0,100.0,98.47,480.0,0.0,480.0,917,903,9,5,0.984732824427481,98.47,WORLD_CLASS,0.0,0.0,1.53
4,Coupling,804,2026-09-11,SWING,100.0,100.0,98.4,480.0,0.0,480.0,939,924,9,6,0.984025559105431,98.4,WORLD_CLASS,0.0,0.0,1.6
4,Coupling,809,2026-09-11,NIGHT,18.62,100.0,88.37,480.0,390.64,89.36,172,152,12,8,0.164519379844961,16.45,CRITICAL,81.38,0.0,2.16
5,Gearbox,800,2026-09-11,DAY,100.0,93.13,96.98,480.0,0.0,480.0,596,578,11,7,0.903125,90.31,WORLD_CLASS,0.0,6.87,2.81
5,Gearbox,805,2026-09-11,SWING,100.0,97.34,96.95,480.0,0.0,480.0,623,604,12,7,0.94375,94.38,WORLD_CLASS,0.0,2.66,2.97
5,Gearbox,810,2026-09-11,NIGHT,18.62,100.0,92.0,480.0,390.64,89.36,125,115,6,4,0.171273333333333,17.13,CRITICAL,81.38,0.0,1.49
1,Bearing,811,2026-09-12,DAY,100.0,100.0,97.99,480.0,0.0,480.0,994,974,12,8,0.979879275653924,97.99,WORLD_CLASS,0.0,0.0,2.01
1,Bearing,816,2026-09-12,SWING,100.0,100.0,97.96,480.0,0.0,480.0,982,962,12,8,0.979633401221996,97.96,WORLD_CLASS,0.0,0.0,2.04
1,Bearing,821,2026-09-12,NIGHT,100.0,95.52,97.93,480.0,0.0,480.0,917,898,12,7,0.935416666666667,93.54,WORLD_CLASS,0.0,4.48,1.98
2,Shaft,812,2026-09-12,DAY,100.0,91.88,98.91,480.0,0.0,480.0,735,727,5,3,0.90875,90.88,WORLD_CLASS,0.0,8.13,1.0
2,Shaft,817,2026-09-12,SWING,100.0,100.0,98.88,480.0,0.0,480.0,806,797,6,3,0.988833746898263,98.88,WORLD_CLASS,0.0,0.0,1.12
2,Shaft,822,2026-09-12,NIGHT,100.0,98.87,98.99,480.0,0.0,480.0,791,783,5,3,0.97875,97.88,WORLD_CLASS,0.0,1.13,1.0
3,"Motor Housing",813,2026-09-12,DAY,100.0,91.53,97.42,480.0,0.0,480.0,659,642,11,6,0.891666666666667,89.17,WORLD_CLASS,0.0,8.47,2.36
3,"Motor Housing",818,2026-09-12,SWING,100.0,92.78,97.46,480.0,0.0,480.0,668,651,11,6,0.904166666666667,90.42,WORLD_CLASS,0.0,7.22,2.36
3,"Motor Housing",823,2026-09-12,NIGHT,100.0,100.0,97.45,480.0,0.0,480.0,744,725,12,7,0.974462365591398,97.45,WORLD_CLASS,0.0,0.0,2.55
4,Coupling,814,2026-09-12,DAY,31.13,100.0,88.41,480.0,330.56,149.44,276,244,20,12,0.275236714975845,27.52,CRITICAL,68.87,0.0,3.61
4,Coupling,819,2026-09-12,SWING,100.0,94.77,98.44,480.0,0.0,480.0,834,821,8,5,0.932954545454545,93.3,WORLD_CLASS,0.0,5.23,1.48
4,Coupling,824,2026-09-12,NIGHT,100.0,100.0,98.4,480.0,0.0,480.0,939,924,9,6,0.984025559105431,98.4,WORLD_CLASS,0.0,0.0,1.6
5,Gearbox,815,2026-09-12,DAY,31.13,94.85,92.06,480.0,330.56,149.44,189,174,9,6,0.271875,27.19,CRITICAL,68.87,1.6,2.34
5,Gearbox,820,2026-09-12,SWING,100.0,94.22,96.85,480.0,0.0,480.0,603,584,12,7,0.9125,91.25,WORLD_CLASS,0.0,5.78,2.97
5,Gearbox,825,2026-09-12,NIGHT,100.0,95.0,96.88,480.0,0.0,480.0,608,589,12,7,0.9203125,92.03,WORLD_CLASS,0.0,5.0,2.97
1,Bearing,826,2026-09-13,DAY,100.0,97.08,97.96,480.0,0.0,480.0,932,913,12,7,0.951041666666667,95.1,WORLD_CLASS,0.0,2.92,1.98
1,Bearing,831,2026-09-13,SWING,100.0,94.9,97.91,480.0,0.0,480.0,911,892,12,7,0.929166666666667,92.92,WORLD_CLASS,0.0,5.1,1.98
1,Bearing,836,2026-09-13,NIGHT,100.0,100.0,97.94,480.0,0.0,480.0,973,953,12,8,0.979445015416238,97.94,WORLD_CLASS,0.0,0.0,2.06
2,Shaft,827,2026-09-13,DAY,100.0,100.0,98.96,480.0,0.0,480.0,862,853,6,3,0.989559164733179,98.96,WORLD_CLASS,0.0,0.0,1.04
2,Shaft,832,2026-09-13,SWING,100.0,100.0,98.88,480.0,0.0,480.0,806,797,6,3,0.988833746898263,98.88,WORLD_CLASS,0.0,0.0,1.12
2,Shaft,837,2026-09-13,NIGHT,100.0,94.38,98.94,480.0,0.0,480.0,755,747,5,3,0.93375,93.38,WORLD_CLASS,0.0,5.63,1.0
3,"Motor Housing",828,2026-09-13,DAY,100.0,100.0,97.47,480.0,0.0,480.0,752,733,12,7,0.974734042553192,97.47,WORLD_CLASS,0.0,0.0,2.53
3,"Motor Housing",833,2026-09-13,SWING,100.0,96.94,97.42,480.0,0.0,480.0,698,680,11,7,0.944444444444445,94.44,WORLD_CLASS,0.0,3.06,2.5
3,"Motor Housing",838,2026-09-13,NIGHT,100.0,94.58,97.36,480.0,0.0,480.0,681,663,11,7,0.920833333333333,92.08,WORLD_CLASS,0.0,5.42,2.5
4,Coupling,829,2026-09-13,DAY,100.0,100.0,98.43,480.0,0.0,480.0,890,876,9,5,0.984269662921348,98.43,WORLD_CLASS,0.0,0.0,1.57
4,Coupling,834,2026-09-13,SWING,100.0,100.0,98.45,480.0,0.0,480.0,968,953,9,6,0.984504132231405,98.45,WORLD_CLASS,0.0,0.0,1.55
4,Coupling,839,2026-09-13,NIGHT,100.0,96.59,98.47,480.0,0.0,480.0,850,837,8,5,0.951136363636364,95.11,WORLD_CLASS,0.0,3.41,1.48
5,Gearbox,830,2026-09-13,DAY,100.0,88.13,96.99,480.0,0.0,480.0,564,547,11,6,0.8546875,85.47,WORLD_CLASS,0.0,11.88,2.66
5,Gearbox,835,2026-09-13,SWING,100.0,100.0,96.88,480.0,0.0,480.0,642,622,12,8,0.968847352024922,96.88,WORLD_CLASS,0.0,0.0,3.12
5,Gearbox,840,2026-09-13,NIGHT,100.0,96.72,96.93,480.0,0.0,480.0,619,600,12,7,0.9375,93.75,WORLD_CLASS,0.0,3.28,2.97
1,Bearing,841,2026-09-14,DAY,100.0,98.75,98.0,480.0,0.0,480.0,948,929,12,7,0.967708333333333,96.77,WORLD_CLASS,0.0,1.25,1.98
1,Bearing,846,2026-09-14,SWING,100.0,100.0,97.94,480.0,0.0,480.0,970,950,12,8,0.979381443298969,97.94,WORLD_CLASS,0.0,0.0,2.06
1,Bearing,851,2026-09-14,NIGHT,100.0,95.83,97.93,480.0,0.0,480.0,920,901,12,7,0.938541666666667,93.85,WORLD_CLASS,0.0,4.17,1.98
2,Shaft,842,2026-09-14,DAY,100.0,100.0,98.89,480.0,0.0,480.0,814,805,6,3,0.988943488943489,98.89,WORLD_CLASS,0.0,0.0,1.11
2,Shaft,847,2026-09-14,SWING,95.34,100.0,98.96,480.0,22.37,457.63,771,763,5,3,0.943503269563338,94.35,WORLD_CLASS,4.66,0.0,0.99
2,Shaft,852,2026-09-14,NIGHT,100.0,100.0,98.9,480.0,0.0,480.0,816,807,6,3,0.988970588235294,98.9,WORLD_CLASS,0.0,0.0,1.1
3,"Motor Housing",843,2026-09-14,DAY,100.0,100.0,97.39,480.0,0.0,480.0,728,709,12,7,0.973901098901099,97.39,WORLD_CLASS,0.0,0.0,2.61
3,"Motor Housing",848,2026-09-14,SWING,100.0,100.0,97.43,480.0,0.0,480.0,777,757,12,8,0.974259974259974,97.43,WORLD_CLASS,0.0,0.0,2.57
3,"Motor Housing",853,2026-09-14,NIGHT,100.0,100.0,97.41,480.0,0.0,480.0,734,715,12,7,0.974114441416894,97.41,WORLD_CLASS,0.0,0.0,2.59
4,Coupling,844,2026-09-14,DAY,100.0,100.0,98.48,480.0,0.0,480.0,924,910,9,5,0.984848484848485,98.48,WORLD_CLASS,0.0,0.0,1.52
4,Coupling,849,2026-09-14,SWING,100.0,98.86,98.39,480.0,0.0,480.0,870,856,9,5,0.972727272727273,97.27,WORLD_CLASS,0.0,1.14,1.59
4,Coupling,854,2026-09-14,NIGHT,100.0,96.7,98.47,480.0,0.0,480.0,851,838,8,5,0.952272727272727,95.23,WORLD_CLASS,0.0,3.3,1.48
5,Gearbox,845,2026-09-14,DAY,100.0,93.13,96.98,480.0,0.0,480.0,596,578,11,7,0.903125,90.31,WORLD_CLASS,0.0,6.87,2.81
5,Gearbox,850,2026-09-14,SWING,100.0,100.0,96.92,480.0,0.0,480.0,650,630,12,8,0.969230769230769,96.92,WORLD_CLASS,0.0,0.0,3.08
5,Gearbox,855,2026-09-14,NIGHT,100.0,97.66,96.96,480.0,0.0,480.0,625,606,12,7,0.946875,94.69,WORLD_CLASS,0.0,2.34,2.97
1,Bearing,856,2026-09-15,DAY,100.0,99.79,97.91,480.0,0.0,480.0,958,938,12,8,0.977083333333333,97.71,WORLD_CLASS,0.0,0.21,2.08
1,Bearing,861,2026-09-15,SWING,100.0,100.0,97.91,480.0,0.0,480.0,1051,1029,14,8,0.9790675547098,97.91,WORLD_CLASS,0.0,0.0,2.09
1,Bearing,866,2026-09-15,NIGHT,100.0,100.0,97.98,480.0,0.0,480.0,990,970,12,8,0.97979797979798,97.98,WORLD_CLASS,0.0,0.0,2.02
2,Shaft,857,2026-09-15,DAY,100.0,100.0,98.91,480.0,0.0,480.0,823,814,6,3,0.98906439854192,98.91,WORLD_CLASS,0.0,0.0,1.09
2,Shaft,862,2026-09-15,SWING,100.0,100.0,98.95,480.0,0.0,480.0,858,849,6,3,0.989510489510489,98.95,WORLD_CLASS,0.0,0.0,1.05
2,Shaft,867,2026-09-15,NIGHT,100.0,100.0,98.91,480.0,0.0,480.0,822,813,6,3,0.989051094890511,98.91,WORLD_CLASS,0.0,0.0,1.09
3,"Motor Housing",858,2026-09-15,DAY,100.0,94.17,97.49,480.0,0.0,480.0,678,661,11,6,0.918055555555556,91.81,WORLD_CLASS,0.0,5.83,2.36
3,"Motor Housing",863,2026-09-15,SWING,100.0,97.92,97.45,480.0,0.0,480.0,705,687,11,7,0.954166666666667,95.42,WORLD_CLASS,0.0,2.08,2.5
3,"Motor Housing",868,2026-09-15,NIGHT,93.87,97.8,97.43,480.0,29.44,450.56,661,644,11,6,0.894444444444444,89.44,WORLD_CLASS,6.13,2.06,2.36
4,Coupling,859,2026-09-15,DAY,100.0,100.0,98.48,480.0,0.0,480.0,919,905,9,5,0.984766050054407,98.48,WORLD_CLASS,0.0,0.0,1.52
4,Coupling,864,2026-09-15,SWING,100.0,96.7,98.47,480.0,0.0,480.0,851,838,8,5,0.952272727272727,95.23,WORLD_CLASS,0.0,3.3,1.48
4,Coupling,869,2026-09-15,NIGHT,100.0,99.32,98.4,480.0,0.0,480.0,874,860,9,5,0.977272727272727,97.73,WORLD_CLASS,0.0,0.68,1.59
5,Gearbox,860,2026-09-15,DAY,100.0,98.28,96.98,480.0,0.0,480.0,629,610,12,7,0.953125,95.31,WORLD_CLASS,0.0,1.72,2.97
5,Gearbox,865,2026-09-15,SWING,100.0,100.0,96.88,480.0,0.0,480.0,704,682,14,8,0.96875,96.88,WORLD_CLASS,0.0,0.0,3.13
5,Gearbox,870,2026-09-15,NIGHT,100.0,100.0,96.99,480.0,0.0,480.0,665,645,12,8,0.969924812030075,96.99,WORLD_CLASS,0.0,0.0,3.01
1,Bearing,871,2026-09-16,DAY,100.0,100.0,97.98,480.0,0.0,480.0,989,969,12,8,0.979777553083923,97.98,WORLD_CLASS,0.0,0.0,2.02
1,Bearing,876,2026-09-16,SWING,100.0,100.0,97.92,480.0,0.0,480.0,1008,987,13,8,0.979166666666667,97.92,WORLD_CLASS,0.0,0.0,2.08
1,Bearing,881,2026-09-16,NIGHT,100.0,91.77,97.96,480.0,0.0,480.0,881,863,11,7,0.898958333333333,89.9,WORLD_CLASS,0.0,8.23,1.88
2,Shaft,872,2026-09-16,DAY,100.0,95.75,98.96,480.0,0.0,480.0,766,758,5,3,0.9475,94.75,WORLD_CLASS,0.0,4.25,1.0
2,Shaft,877,2026-09-16,SWING,100.0,99.0,98.99,480.0,0.0,480.0,792,784,5,3,0.98,98.0,WORLD_CLASS,0.0,1.0,1.0
2,Shaft,882,2026-09-16,NIGHT,100.0,100.0,98.89,480.0,0.0,480.0,814,805,6,3,0.988943488943489,98.89,WORLD_CLASS,0.0,0.0,1.11
3,"Motor Housing",873,2026-09-16,DAY,100.0,100.0,97.39,480.0,0.0,480.0,765,745,12,8,0.973856209150327,97.39,WORLD_CLASS,0.0,0.0,2.61
3,"Motor Housing",878,2026-09-16,SWING,100.0,100.0,97.46,480.0,0.0,480.0,748,729,12,7,0.974598930481283,97.46,WORLD_CLASS,0.0,0.0,2.54
3,"Motor Housing",883,2026-09-16,NIGHT,100.0,92.22,97.44,480.0,0.0,480.0,664,647,11,6,0.898611111111111,89.86,WORLD_CLASS,0.0,7.78,2.36
4,Coupling,874,2026-09-16,DAY,95.73,100.0,98.48,480.0,20.48,459.52,855,842,8,5,0.94277738791423,94.28,WORLD_CLASS,4.27,0.0,1.46
4,Coupling,879,2026-09-16,SWING,100.0,97.16,98.48,480.0,0.0,480.0,855,842,8,5,0.956818181818182,95.68,WORLD_CLASS,0.0,2.84,1.48
4,Coupling,884,2026-09-16,NIGHT,100.0,100.0,98.42,480.0,0.0,480.0,887,873,9,5,0.984216459977452,98.42,WORLD_CLASS,0.0,0.0,1.58
5,Gearbox,875,2026-09-16,DAY,100.0,95.16,96.88,480.0,0.0,480.0,609,590,12,7,0.921875,92.19,WORLD_CLASS,0.0,4.84,2.97
5,Gearbox,880,2026-09-16,SWING,100.0,100.0,96.93,480.0,0.0,480.0,651,631,12,8,0.969278033794163,96.93,WORLD_CLASS,0.0,0.0,3.07
5,Gearbox,885,2026-09-16,NIGHT,100.0,87.03,96.95,480.0,0.0,480.0,557,540,11,6,0.84375,84.38,ACCEPTABLE,0.0,12.97,2.66
1,Bearing,886,2026-09-17,DAY,100.0,99.58,97.91,480.0,0.0,480.0,956,936,12,8,0.975,97.5,WORLD_CLASS,0.0,0.42,2.08
1,Bearing,891,2026-09-17,SWING,100.0,100.0,97.97,480.0,0.0,480.0,1035,1014,13,8,0.979710144927536,97.97,WORLD_CLASS,0.0,0.0,2.03
1,Bearing,896,2026-09-17,NIGHT,94.78,99.79,97.91,480.0,25.05,454.95,908,889,12,7,0.926041666666667,92.6,WORLD_CLASS,5.22,0.2,1.98
2,Shaft,887,2026-09-17,DAY,100.0,100.0,98.91,480.0,0.0,480.0,829,820,6,3,0.989143546441496,98.91,WORLD_CLASS,0.0,0.0,1.09
2,Shaft,892,2026-09-17,SWING,100.0,100.0,98.96,480.0,0.0,480.0,864,855,6,3,0.989583333333333,98.96,WORLD_CLASS,0.0,0.0,1.04
2,Shaft,897,2026-09-17,NIGHT,100.0,100.0,98.88,480.0,0.0,480.0,807,798,6,3,0.988847583643123,98.88,WORLD_CLASS,0.0,0.0,1.12
3,"Motor Housing",888,2026-09-17,DAY,100.0,100.0,97.42,480.0,0.0,480.0,737,718,12,7,0.974219810040706,97.42,WORLD_CLASS,0.0,0.0,2.58
3,"Motor Housing",893,2026-09-17,SWING,96.16,93.89,97.38,480.0,18.45,461.55,650,633,11,6,0.879166666666667,87.92,WORLD_CLASS,3.84,5.88,2.36
3,"Motor Housing",898,2026-09-17,NIGHT,100.0,87.5,97.46,480.0,0.0,480.0,630,614,10,6,0.852777777777778,85.28,WORLD_CLASS,0.0,12.5,2.22
4,Coupling,889,2026-09-17,DAY,100.0,100.0,98.5,480.0,0.0,480.0,933,919,9,5,0.984994640943194,98.5,WORLD_CLASS,0.0,0.0,1.5
4,Coupling,894,2026-09-17,SWING,100.0,95.91,98.46,480.0,0.0,480.0,844,831,8,5,0.944318181818182,94.43,WORLD_CLASS,0.0,4.09,1.48
4,Coupling,899,2026-09-17,NIGHT,100.0,100.0,98.45,480.0,0.0,480.0,906,892,9,5,0.984547461368653,98.45,WORLD_CLASS,0.0,0.0,1.55
5,Gearbox,890,2026-09-17,DAY,100.0,94.53,96.86,480.0,0.0,480.0,605,586,12,7,0.915625,91.56,WORLD_CLASS,0.0,5.47,2.97
5,Gearbox,895,2026-09-17,SWING,100.0,97.03,96.94,480.0,0.0,480.0,621,602,12,7,0.940625,94.06,WORLD_CLASS,0.0,2.97,2.97
5,Gearbox,900,2026-09-17,NIGHT,100.0,98.59,96.99,480.0,0.0,480.0,631,612,12,7,0.95625,95.63,WORLD_CLASS,0.0,1.41,2.97
1,Bearing,901,2026-09-18,DAY,100.0,94.79,97.91,480.0,0.0,480.0,910,891,12,7,0.928125,92.81,WORLD_CLASS,0.0,5.21,1.98
1,Bearing,906,2026-09-18,SWING,97.65,98.35,97.94,480.0,11.27,468.73,922,903,12,7,0.940625,94.06,WORLD_CLASS,2.35,1.61,1.98
1,Bearing,911,2026-09-18,NIGHT,100.0,97.19,97.96,480.0,0.0,480.0,933,914,12,7,0.952083333333333,95.21,WORLD_CLASS,0.0,2.81,1.98
2,Shaft,902,2026-09-18,DAY,100.0,100.0,98.93,480.0,0.0,480.0,838,829,6,3,0.989260143198091,98.93,WORLD_CLASS,0.0,0.0,1.07
2,Shaft,907,2026-09-18,SWING,100.0,100.0,98.94,480.0,0.0,480.0,847,838,6,3,0.989374262101535,98.94,WORLD_CLASS,0.0,0.0,1.06
2,Shaft,912,2026-09-18,NIGHT,100.0,100.0,98.91,480.0,0.0,480.0,824,815,6,3,0.989077669902913,98.91,WORLD_CLASS,0.0,0.0,1.09
3,"Motor Housing",903,2026-09-18,DAY,100.0,98.19,97.45,480.0,0.0,480.0,707,689,11,7,0.956944444444444,95.69,WORLD_CLASS,0.0,1.81,2.5
3,"Motor Housing",908,2026-09-18,SWING,100.0,100.0,97.46,480.0,0.0,480.0,749,730,12,7,0.974632843791722,97.46,WORLD_CLASS,0.0,0.0,2.54
3,"Motor Housing",913,2026-09-18,NIGHT,95.5,98.75,97.5,480.0,21.61,458.39,679,662,11,6,0.919444444444444,91.94,WORLD_CLASS,4.5,1.19,2.36
4,Coupling,904,2026-09-18,DAY,100.0,100.0,98.49,480.0,0.0,480.0,930,916,9,5,0.98494623655914,98.49,WORLD_CLASS,0.0,0.0,1.51
4,Coupling,909,2026-09-18,SWING,100.0,97.39,98.48,480.0,0.0,480.0,857,844,8,5,0.959090909090909,95.91,WORLD_CLASS,0.0,2.61,1.48
4,Coupling,914,2026-09-18,NIGHT,100.0,100.0,98.43,480.0,0.0,480.0,958,943,9,6,0.984342379958246,98.43,WORLD_CLASS,0.0,0.0,1.57
5,Gearbox,905,2026-09-18,DAY,100.0,100.0,96.96,480.0,0.0,480.0,657,637,12,8,0.969558599695586,96.96,WORLD_CLASS,0.0,0.0,3.04
5,Gearbox,910,2026-09-18,SWING,100.0,91.72,96.93,480.0,0.0,480.0,587,569,11,7,0.8890625,88.91,WORLD_CLASS,0.0,8.28,2.81
5,Gearbox,915,2026-09-18,NIGHT,100.0,100.0,96.91,480.0,0.0,480.0,648,628,12,8,0.969135802469136,96.91,WORLD_CLASS,0.0,0.0,3.09
1,Bearing,916,2026-09-19,DAY,100.0,100.0,97.94,480.0,0.0,480.0,969,949,12,8,0.979360165118679,97.94,WORLD_CLASS,0.0,0.0,2.06
1,Bearing,921,2026-09-19,SWING,100.0,88.13,97.99,480.0,0.0,480.0,846,829,11,6,0.863541666666667,86.35,WORLD_CLASS,0.0,11.88,1.77
1,Bearing,926,2026-09-19,NIGHT,100.0,92.5,97.97,480.0,0.0,480.0,888,870,11,7,0.90625,90.63,WORLD_CLASS,0.0,7.5,1.88
2,Shaft,917,2026-09-19,DAY,100.0,100.0,98.9,480.0,0.0,480.0,816,807,6,3,0.988970588235294,98.9,WORLD_CLASS,0.0,0.0,1.1
2,Shaft,922,2026-09-19,SWING,100.0,91.0,98.9,480.0,0.0,480.0,728,720,5,3,0.9,90.0,WORLD_CLASS,0.0,9.0,1.0
2,Shaft,927,2026-09-19,NIGHT,100.0,97.0,98.97,480.0,0.0,480.0,776,768,5,3,0.96,96.0,WORLD_CLASS,0.0,3.0,1.0
3,"Motor Housing",918,2026-09-19,DAY,100.0,95.42,97.38,480.0,0.0,480.0,687,669,11,7,0.929166666666667,92.92,WORLD_CLASS,0.0,4.58,2.5
3,"Motor Housing",923,2026-09-19,SWING,100.0,100.0,97.45,480.0,0.0,480.0,746,727,12,7,0.974530831099196,97.45,WORLD_CLASS,0.0,0.0,2.55
3,"Motor Housing",928,2026-09-19,NIGHT,100.0,100.0,97.46,480.0,0.0,480.0,748,729,12,7,0.974598930481283,97.46,WORLD_CLASS,0.0,0.0,2.54
4,Coupling,919,2026-09-19,DAY,100.0,99.32,98.4,480.0,0.0,480.0,874,860,9,5,0.977272727272727,97.73,WORLD_CLASS,0.0,0.68,1.59
4,Coupling,924,2026-09-19,SWING,100.0,97.73,98.49,480.0,0.0,480.0,860,847,8,5,0.9625,96.25,WORLD_CLASS,0.0,2.27,1.48
4,Coupling,929,2026-09-19,NIGHT,96.71,100.0,98.48,480.0,15.79,464.21,854,841,8,5,0.95238244047619,95.24,WORLD_CLASS,3.29,0.0,1.47
5,Gearbox,920,2026-09-19,DAY,100.0,96.56,96.93,480.0,0.0,480.0,618,599,12,7,0.9359375,93.59,WORLD_CLASS,0.0,3.44,2.97
5,Gearbox,925,2026-09-19,SWING,93.01,99.28,96.95,480.0,33.53,446.47,591,573,11,7,0.8953125,89.53,WORLD_CLASS,6.99,0.67,2.81
5,Gearbox,930,2026-09-19,NIGHT,100.0,97.34,96.95,480.0,0.0,480.0,623,604,12,7,0.94375,94.38,WORLD_CLASS,0.0,2.66,2.97
1,Bearing,931,2026-09-20,DAY,100.0,100.0,97.97,480.0,0.0,480.0,1033,1012,13,8,0.979670861568248,97.97,WORLD_CLASS,0.0,0.0,2.03
1,Bearing,936,2026-09-20,SWING,100.0,100.0,97.97,480.0,0.0,480.0,986,966,12,8,0.979716024340771,97.97,WORLD_CLASS,0.0,0.0,2.03
1,Bearing,941,2026-09-20,NIGHT,100.0,100.0,97.93,480.0,0.0,480.0,964,944,12,8,0.979253112033195,97.93,WORLD_CLASS,0.0,0.0,2.07
2,Shaft,932,2026-09-20,DAY,100.0,99.63,99.0,480.0,0.0,480.0,797,789,5,3,0.98625,98.63,WORLD_CLASS,0.0,0.38,1.0
2,Shaft,937,2026-09-20,SWING,100.0,94.25,98.94,480.0,0.0,480.0,754,746,5,3,0.9325,93.25,WORLD_CLASS,0.0,5.75,1.0
2,Shaft,942,2026-09-20,NIGHT,100.0,100.0,98.89,480.0,0.0,480.0,812,803,6,3,0.988916256157635,98.89,WORLD_CLASS,0.0,0.0,1.11
3,"Motor Housing",933,2026-09-20,DAY,100.0,98.19,97.45,480.0,0.0,480.0,707,689,11,7,0.956944444444444,95.69,WORLD_CLASS,0.0,1.81,2.5
3,"Motor Housing",938,2026-09-20,SWING,100.0,95.97,97.4,480.0,0.0,480.0,691,673,11,7,0.934722222222222,93.47,WORLD_CLASS,0.0,4.03,2.5
3,"Motor Housing",943,2026-09-20,NIGHT,100.0,100.0,97.39,480.0,0.0,480.0,727,708,12,7,0.973865199449794,97.39,WORLD_CLASS,0.0,0.0,2.61
4,Coupling,934,2026-09-20,DAY,100.0,100.0,98.49,480.0,0.0,480.0,930,916,9,5,0.98494623655914,98.49,WORLD_CLASS,0.0,0.0,1.51
4,Coupling,939,2026-09-20,SWING,100.0,96.48,98.47,480.0,0.0,480.0,849,836,8,5,0.95,95.0,WORLD_CLASS,0.0,3.52,1.48
4,Coupling,944,2026-09-20,NIGHT,100.0,100.0,98.41,480.0,0.0,480.0,941,926,9,6,0.984059511158342,98.41,WORLD_CLASS,0.0,0.0,1.59
5,Gearbox,935,2026-09-20,DAY,100.0,91.09,96.91,480.0,0.0,480.0,583,565,11,7,0.8828125,88.28,WORLD_CLASS,0.0,8.91,2.81
5,Gearbox,940,2026-09-20,SWING,100.0,100.0,96.89,480.0,0.0,480.0,643,623,12,8,0.968895800933126,96.89,WORLD_CLASS,0.0,0.0,3.11
5,Gearbox,945,2026-09-20,NIGHT,100.0,100.0,96.97,480.0,0.0,480.0,694,673,13,8,0.969740634005764,96.97,WORLD_CLASS,0.0,0.0,3.03
1,Bearing,946,2026-09-21,DAY,100.0,100.0,97.99,480.0,0.0,480.0,994,974,12,8,0.979879275653924,97.99,WORLD_CLASS,0.0,0.0,2.01
1,Bearing,951,2026-09-21,SWING,100.0,100.0,97.92,480.0,0.0,480.0,961,941,12,8,0.979188345473465,97.92,WORLD_CLASS,0.0,0.0,2.08
1,Bearing,956,2026-09-21,NIGHT,100.0,100.0,97.92,480.0,0.0,480.0,961,941,12,8,0.979188345473465,97.92,WORLD_CLASS,0.0,0.0,2.08
2,Shaft,947,2026-09-21,DAY,100.0,100.0,98.92,480.0,0.0,480.0,830,821,6,3,0.989156626506024,98.92,WORLD_CLASS,0.0,0.0,1.08
2,Shaft,952,2026-09-21,SWING,100.0,100.0,98.92,480.0,0.0,480.0,834,825,6,3,0.989208633093525,98.92,WORLD_CLASS,0.0,0.0,1.08
2,Shaft,957,2026-09-21,NIGHT,100.0,100.0,98.93,480.0,0.0,480.0,839,830,6,3,0.98927294398093,98.93,WORLD_CLASS,0.0,0.0,1.07
3,"Motor Housing",948,2026-09-21,DAY,100.0,98.06,97.45,480.0,0.0,480.0,706,688,11,7,0.955555555555555,95.56,WORLD_CLASS,0.0,1.94,2.5
3,"Motor Housing",953,2026-09-21,SWING,100.0,90.69,97.4,480.0,0.0,480.0,653,636,11,6,0.883333333333333,88.33,WORLD_CLASS,0.0,9.31,2.36
3,"Motor Housing",958,2026-09-21,NIGHT,100.0,92.92,97.46,480.0,0.0,480.0,669,652,11,6,0.905555555555556,90.56,WORLD_CLASS,0.0,7.08,2.36
4,Coupling,949,2026-09-21,DAY,100.0,94.43,98.44,480.0,0.0,480.0,831,818,8,5,0.929545454545454,92.95,WORLD_CLASS,0.0,5.57,1.48
4,Coupling,954,2026-09-21,SWING,96.54,100.0,98.39,480.0,16.6,463.4,934,919,9,6,0.949912116345467,94.99,WORLD_CLASS,3.46,0.0,1.55
4,Coupling,959,2026-09-21,NIGHT,100.0,97.16,98.48,480.0,0.0,480.0,855,842,8,5,0.956818181818182,95.68,WORLD_CLASS,0.0,2.84,1.48
5,Gearbox,950,2026-09-21,DAY,100.0,100.0,96.96,480.0,0.0,480.0,658,638,12,8,0.969604863221885,96.96,WORLD_CLASS,0.0,0.0,3.04
5,Gearbox,955,2026-09-21,SWING,100.0,93.44,96.99,480.0,0.0,480.0,598,580,11,7,0.90625,90.63,WORLD_CLASS,0.0,6.56,2.81
5,Gearbox,960,2026-09-21,NIGHT,100.0,89.69,96.86,480.0,0.0,480.0,574,556,11,7,0.86875,86.88,WORLD_CLASS,0.0,10.31,2.81
1,Bearing,961,2026-09-22,DAY,100.0,92.71,97.98,480.0,0.0,480.0,890,872,11,7,0.908333333333333,90.83,WORLD_CLASS,0.0,7.29,1.87
1,Bearing,966,2026-09-22,SWING,100.0,100.0,97.94,480.0,0.0,480.0,1020,999,13,8,0.979411764705882,97.94,WORLD_CLASS,0.0,0.0,2.06
1,Bearing,971,2026-09-22,NIGHT,100.0,97.71,97.97,480.0,0.0,480.0,938,919,12,7,0.957291666666667,95.73,WORLD_CLASS,0.0,2.29,1.98
2,Shaft,962,2026-09-22,DAY,100.0,90.12,98.89,480.0,0.0,480.0,721,713,5,3,0.89125,89.12,WORLD_CLASS,0.0,9.88,1.0
2,Shaft,967,2026-09-22,SWING,100.0,100.0,98.95,480.0,0.0,480.0,855,846,6,3,0.989473684210526,98.95,WORLD_CLASS,0.0,0.0,1.05
2,Shaft,972,2026-09-22,NIGHT,100.0,100.0,98.94,480.0,0.0,480.0,852,843,6,3,0.98943661971831,98.94,WORLD_CLASS,0.0,0.0,1.06
3,"Motor Housing",963,2026-09-22,DAY,100.0,100.0,97.37,480.0,0.0,480.0,723,704,12,7,0.97372060857538,97.37,WORLD_CLASS,0.0,0.0,2.63
3,"Motor Housing",968,2026-09-22,SWING,100.0,99.86,97.5,480.0,0.0,480.0,719,701,11,7,0.973611111111111,97.36,WORLD_CLASS,0.0,0.14,2.5
3,"Motor Housing",973,2026-09-22,NIGHT,100.0,100.0,97.39,480.0,0.0,480.0,728,709,12,7,0.973901098901099,97.39,WORLD_CLASS,0.0,0.0,2.61
4,Coupling,964,2026-09-22,DAY,100.0,100.0,98.43,480.0,0.0,480.0,892,878,9,5,0.984304932735426,98.43,WORLD_CLASS,0.0,0.0,1.57
4,Coupling,969,2026-09-22,SWING,100.0,98.86,98.39,480.0,0.0,480.0,870,856,9,5,0.972727272727273,97.27,WORLD_CLASS,0.0,1.14,1.59
4,Coupling,974,2026-09-22,NIGHT,100.0,98.3,98.5,480.0,0.0,480.0,865,852,8,5,0.968181818181818,96.82,WORLD_CLASS,0.0,1.7,1.48
5,Gearbox,965,2026-09-22,DAY,100.0,98.28,96.98,480.0,0.0,480.0,629,610,12,7,0.953125,95.31,WORLD_CLASS,0.0,1.72,2.97
5,Gearbox,970,2026-09-22,SWING,100.0,98.59,96.99,480.0,0.0,480.0,631,612,12,7,0.95625,95.63,WORLD_CLASS,0.0,1.41,2.97
5,Gearbox,975,2026-09-22,NIGHT,94.76,98.77,96.99,480.0,25.17,454.83,599,581,11,7,0.9078125,90.78,WORLD_CLASS,5.24,1.16,2.81
1,Bearing,976,2026-09-23,DAY,94.46,100.0,97.96,480.0,26.6,453.4,931,912,12,7,0.92530612244898,92.53,WORLD_CLASS,5.54,0.0,1.93
1,Bearing,981,2026-09-23,SWING,100.0,100.0,97.93,480.0,0.0,480.0,1016,995,13,8,0.979330708661417,97.93,WORLD_CLASS,0.0,0.0,2.07
1,Bearing,986,2026-09-23,NIGHT,96.27,100.0,97.92,480.0,17.89,462.11,961,941,12,8,0.942693179847381,94.27,WORLD_CLASS,3.73,0.0,2.0
2,Shaft,977,2026-09-23,DAY,100.0,97.87,98.98,480.0,0.0,480.0,783,775,5,3,0.96875,96.87,WORLD_CLASS,0.0,2.13,1.0
2,Shaft,982,2026-09-23,SWING,100.0,92.75,98.92,480.0,0.0,480.0,742,734,5,3,0.9175,91.75,WORLD_CLASS,0.0,7.25,1.0
2,Shaft,987,2026-09-23,NIGHT,100.0,100.0,98.89,480.0,0.0,480.0,813,804,6,3,0.988929889298893,98.89,WORLD_CLASS,0.0,0.0,1.11
3,"Motor Housing",978,2026-09-23,DAY,100.0,100.0,97.4,480.0,0.0,480.0,731,712,12,7,0.974008207934337,97.4,WORLD_CLASS,0.0,0.0,2.6
3,"Motor Housing",983,2026-09-23,SWING,100.0,99.17,97.48,480.0,0.0,480.0,714,696,11,7,0.966666666666667,96.67,WORLD_CLASS,0.0,0.83,2.5
3,"Motor Housing",988,2026-09-23,NIGHT,100.0,100.0,97.44,480.0,0.0,480.0,741,722,12,7,0.974358974358974,97.44,WORLD_CLASS,0.0,0.0,2.56
4,Coupling,979,2026-09-23,DAY,100.0,99.77,98.41,480.0,0.0,480.0,878,864,9,5,0.981818181818182,98.18,WORLD_CLASS,0.0,0.23,1.59
4,Coupling,984,2026-09-23,SWING,100.0,100.0,98.46,480.0,0.0,480.0,911,897,9,5,0.984632272228321,98.46,WORLD_CLASS,0.0,0.0,1.54
4,Coupling,989,2026-09-23,NIGHT,100.0,99.66,98.4,480.0,0.0,480.0,877,863,9,5,0.980681818181818,98.07,WORLD_CLASS,0.0,0.34,1.59
5,Gearbox,980,2026-09-23,DAY,100.0,100.0,96.93,480.0,0.0,480.0,683,662,13,8,0.969253294289897,96.93,WORLD_CLASS,0.0,0.0,3.07
5,Gearbox,985,2026-09-23,SWING,100.0,97.66,96.96,480.0,0.0,480.0,625,606,12,7,0.946875,94.69,WORLD_CLASS,0.0,2.34,2.97
5,Gearbox,990,2026-09-23,NIGHT,100.0,100.0,96.92,480.0,0.0,480.0,649,629,12,8,0.969183359013868,96.92,WORLD_CLASS,0.0,0.0,3.08
1,Bearing,991,2026-09-24,DAY,100.0,100.0,97.97,480.0,0.0,480.0,985,965,12,8,0.979695431472081,97.97,WORLD_CLASS,0.0,0.0,2.03
1,Bearing,996,2026-09-24,SWING,100.0,100.0,97.95,480.0,0.0,480.0,974,954,12,8,0.979466119096509,97.95,WORLD_CLASS,0.0,0.0,2.05
1,Bearing,1001,2026-09-24,NIGHT,100.0,100.0,97.9,480.0,0.0,480.0,1001,980,13,8,0.979020979020979,97.9,WORLD_CLASS,0.0,0.0,2.1
2,Shaft,992,2026-09-24,DAY,100.0,92.5,98.92,480.0,0.0,480.0,740,732,5,3,0.915,91.5,WORLD_CLASS,0.0,7.5,1.0
2,Shaft,997,2026-09-24,SWING,100.0,100.0,98.9,480.0,0.0,480.0,815,806,6,3,0.988957055214724,98.9,WORLD_CLASS,0.0,0.0,1.1
2,Shaft,1002,2026-09-24,NIGHT,100.0,98.13,98.98,480.0,0.0,480.0,785,777,5,3,0.97125,97.13,WORLD_CLASS,0.0,1.88,1.0
3,"Motor Housing",993,2026-09-24,DAY,100.0,95.28,97.38,480.0,0.0,480.0,686,668,11,7,0.927777777777778,92.78,WORLD_CLASS,0.0,4.72,2.5
3,"Motor Housing",998,2026-09-24,SWING,100.0,100.0,97.38,480.0,0.0,480.0,726,707,12,7,0.973829201101928,97.38,WORLD_CLASS,0.0,0.0,2.62
3,"Motor Housing",1003,2026-09-24,NIGHT,100.0,100.0,97.43,480.0,0.0,480.0,777,757,12,8,0.974259974259974,97.43,WORLD_CLASS,0.0,0.0,2.57
4,Coupling,994,2026-09-24,DAY,100.0,94.77,98.44,480.0,0.0,480.0,834,821,8,5,0.932954545454545,93.3,WORLD_CLASS,0.0,5.23,1.48
4,Coupling,999,2026-09-24,SWING,95.72,97.35,98.41,480.0,20.55,459.45,820,807,8,5,0.917045454545454,91.7,WORLD_CLASS,4.28,2.54,1.48
4,Coupling,1004,2026-09-24,NIGHT,94.35,100.0,98.45,480.0,27.1,452.9,838,825,8,5,0.928904385441527,92.89,WORLD_CLASS,5.65,0.0,1.46
5,Gearbox,995,2026-09-24,DAY,100.0,100.0,96.97,480.0,0.0,480.0,694,673,13,8,0.969740634005764,96.97,WORLD_CLASS,0.0,0.0,3.03
5,Gearbox,1000,2026-09-24,SWING,100.0,96.25,96.92,480.0,0.0,480.0,616,597,12,7,0.9328125,93.28,WORLD_CLASS,0.0,3.75,2.97
5,Gearbox,1005,2026-09-24,NIGHT,100.0,100.0,96.89,480.0,0.0,480.0,643,623,12,8,0.968895800933126,96.89,WORLD_CLASS,0.0,0.0,3.11
1,Bearing,1006,2026-09-25,DAY,94.88,98.81,98.0,480.0,24.58,455.42,900,882,11,7,0.91875,91.88,WORLD_CLASS,5.12,1.13,1.88
1,Bearing,1011,2026-09-25,SWING,100.0,94.17,97.9,480.0,0.0,480.0,904,885,12,7,0.921875,92.19,WORLD_CLASS,0.0,5.83,1.98
1,Bearing,1016,2026-09-25,NIGHT,100.0,97.71,97.97,480.0,0.0,480.0,938,919,12,7,0.957291666666667,95.73,WORLD_CLASS,0.0,2.29,1.98
2,Shaft,1007,2026-09-25,DAY,100.0,99.63,99.0,480.0,0.0,480.0,797,789,5,3,0.98625,98.63,WORLD_CLASS,0.0,0.38,1.0
2,Shaft,1012,2026-09-25,SWING,100.0,100.0,98.89,480.0,0.0,480.0,810,801,6,3,0.988888888888889,98.89,WORLD_CLASS,0.0,0.0,1.11
2,Shaft,1017,2026-09-25,NIGHT,100.0,87.88,98.86,480.0,0.0,480.0,703,695,5,3,0.86875,86.88,WORLD_CLASS,0.0,12.12,1.0
3,"Motor Housing",1008,2026-09-25,DAY,100.0,100.0,97.36,480.0,0.0,480.0,721,702,12,7,0.973647711511789,97.36,WORLD_CLASS,0.0,0.0,2.64
3,"Motor Housing",1013,2026-09-25,SWING,100.0,100.0,97.45,480.0,0.0,480.0,745,726,12,7,0.974496644295302,97.45,WORLD_CLASS,0.0,0.0,2.55
3,"Motor Housing",1018,2026-09-25,NIGHT,100.0,100.0,97.44,480.0,0.0,480.0,743,724,12,7,0.97442799461642,97.44,WORLD_CLASS,0.0,0.0,2.56
4,Coupling,1009,2026-09-25,DAY,100.0,100.0,98.42,480.0,0.0,480.0,947,932,9,6,0.98416050686378,98.42,WORLD_CLASS,0.0,0.0,1.58
4,Coupling,1014,2026-09-25,SWING,100.0,95.45,98.45,480.0,0.0,480.0,840,827,8,5,0.939772727272727,93.98,WORLD_CLASS,0.0,4.55,1.48
4,Coupling,1019,2026-09-25,NIGHT,100.0,99.77,98.41,480.0,0.0,480.0,878,864,9,5,0.981818181818182,98.18,WORLD_CLASS,0.0,0.23,1.59
5,Gearbox,1010,2026-09-25,DAY,100.0,100.0,96.88,480.0,0.0,480.0,704,682,14,8,0.96875,96.88,WORLD_CLASS,0.0,0.0,3.13
5,Gearbox,1015,2026-09-25,SWING,100.0,96.72,96.93,480.0,0.0,480.0,619,600,12,7,0.9375,93.75,WORLD_CLASS,0.0,3.28,2.97
5,Gearbox,1020,2026-09-25,NIGHT,100.0,99.53,96.86,480.0,0.0,480.0,637,617,12,8,0.9640625,96.41,WORLD_CLASS,0.0,0.47,3.12
1,Bearing,1021,2026-09-26,DAY,100.0,100.0,97.93,480.0,0.0,480.0,964,944,12,8,0.979253112033195,97.93,WORLD_CLASS,0.0,0.0,2.07
1,Bearing,1026,2026-09-26,SWING,100.0,97.4,97.97,480.0,0.0,480.0,935,916,12,7,0.954166666666667,95.42,WORLD_CLASS,0.0,2.6,1.98
1,Bearing,1031,2026-09-26,NIGHT,100.0,95.94,97.94,480.0,0.0,480.0,921,902,12,7,0.939583333333333,93.96,WORLD_CLASS,0.0,4.06,1.98
2,Shaft,1022,2026-09-26,DAY,100.0,100.0,98.89,480.0,0.0,480.0,810,801,6,3,0.988888888888889,98.89,WORLD_CLASS,0.0,0.0,1.11
2,Shaft,1027,2026-09-26,SWING,100.0,100.0,98.89,480.0,0.0,480.0,814,805,6,3,0.988943488943489,98.89,WORLD_CLASS,0.0,0.0,1.11
2,Shaft,1032,2026-09-26,NIGHT,95.59,100.0,98.98,480.0,21.18,458.82,782,774,5,3,0.946096227621483,94.61,WORLD_CLASS,4.41,0.0,0.98
3,"Motor Housing",1023,2026-09-26,DAY,100.0,100.0,97.47,480.0,0.0,480.0,792,772,12,8,0.974747474747475,97.47,WORLD_CLASS,0.0,0.0,2.53
3,"Motor Housing",1028,2026-09-26,SWING,100.0,98.33,97.46,480.0,0.0,480.0,708,690,11,7,0.958333333333333,95.83,WORLD_CLASS,0.0,1.67,2.5
3,"Motor Housing",1033,2026-09-26,NIGHT,100.0,100.0,97.46,480.0,0.0,480.0,747,728,12,7,0.974564926372155,97.46,WORLD_CLASS,0.0,0.0,2.54
4,Coupling,1024,2026-09-26,DAY,100.0,100.0,98.42,480.0,0.0,480.0,888,874,9,5,0.984234234234234,98.42,WORLD_CLASS,0.0,0.0,1.58
4,Coupling,1029,2026-09-26,SWING,100.0,99.2,98.4,480.0,0.0,480.0,873,859,9,5,0.976136363636363,97.61,WORLD_CLASS,0.0,0.8,1.59
4,Coupling,1034,2026-09-26,NIGHT,100.0,100.0,98.44,480.0,0.0,480.0,900,886,9,5,0.984444444444444,98.44,WORLD_CLASS,0.0,0.0,1.56
5,Gearbox,1025,2026-09-26,DAY,100.0,100.0,96.85,480.0,0.0,480.0,667,646,13,8,0.968515742128936,96.85,WORLD_CLASS,0.0,0.0,3.15
5,Gearbox,1030,2026-09-26,SWING,100.0,95.47,96.89,480.0,0.0,480.0,611,592,12,7,0.925,92.5,WORLD_CLASS,0.0,4.53,2.97
5,Gearbox,1035,2026-09-26,NIGHT,100.0,96.56,96.93,480.0,0.0,480.0,618,599,12,7,0.9359375,93.59,WORLD_CLASS,0.0,3.44,2.97
1,Bearing,1036,2026-09-27,DAY,100.0,100.0,97.95,480.0,0.0,480.0,975,955,12,8,0.979487179487179,97.95,WORLD_CLASS,0.0,0.0,2.05
1,Bearing,1041,2026-09-27,SWING,100.0,100.0,97.93,480.0,0.0,480.0,1016,995,13,8,0.979330708661417,97.93,WORLD_CLASS,0.0,0.0,2.07
1,Bearing,1046,2026-09-27,NIGHT,100.0,98.02,97.98,480.0,0.0,480.0,941,922,12,7,0.960416666666667,96.04,WORLD_CLASS,0.0,1.98,1.98
2,Shaft,1037,2026-09-27,DAY,100.0,87.25,99.0,480.0,0.0,480.0,698,691,5,2,0.86375,86.38,WORLD_CLASS,0.0,12.75,0.87
2,Shaft,1042,2026-09-27,SWING,100.0,97.87,98.98,480.0,0.0,480.0,783,775,5,3,0.96875,96.87,WORLD_CLASS,0.0,2.13,1.0
2,Shaft,1047,2026-09-27,NIGHT,100.0,100.0,98.89,480.0,0.0,480.0,812,803,6,3,0.988916256157635,98.89,WORLD_CLASS,0.0,0.0,1.11
3,"Motor Housing",1038,2026-09-27,DAY,100.0,100.0,97.48,480.0,0.0,480.0,754,735,12,7,0.974801061007958,97.48,WORLD_CLASS,0.0,0.0,2.52
3,"Motor Housing",1043,2026-09-27,SWING,100.0,100.0,97.48,480.0,0.0,480.0,755,736,12,7,0.974834437086093,97.48,WORLD_CLASS,0.0,0.0,2.52
3,"Motor Housing",1048,2026-09-27,NIGHT,100.0,100.0,97.41,480.0,0.0,480.0,773,753,12,8,0.974126778783959,97.41,WORLD_CLASS,0.0,0.0,2.59
4,Coupling,1039,2026-09-27,DAY,100.0,99.77,98.41,480.0,0.0,480.0,878,864,9,5,0.981818181818182,98.18,WORLD_CLASS,0.0,0.23,1.59
4,Coupling,1044,2026-09-27,SWING,100.0,97.84,98.49,480.0,0.0,480.0,861,848,8,5,0.963636363636364,96.36,WORLD_CLASS,0.0,2.16,1.48
4,Coupling,1049,2026-09-27,NIGHT,100.0,96.82,98.47,480.0,0.0,480.0,852,839,8,5,0.953409090909091,95.34,WORLD_CLASS,0.0,3.18,1.48
5,Gearbox,1040,2026-09-27,DAY,100.0,100.0,96.92,480.0,0.0,480.0,649,629,12,8,0.969183359013868,96.92,WORLD_CLASS,0.0,0.0,3.08
5,Gearbox,1045,2026-09-27,SWING,100.0,100.0,96.96,480.0,0.0,480.0,658,638,12,8,0.969604863221885,96.96,WORLD_CLASS,0.0,0.0,3.04
5,Gearbox,1050,2026-09-27,NIGHT,100.0,97.03,96.94,480.0,0.0,480.0,621,602,12,7,0.940625,94.06,WORLD_CLASS,0.0,2.97,2.97
1,Bearing,1051,2026-09-28,DAY,100.0,98.44,97.99,480.0,0.0,480.0,945,926,12,7,0.964583333333333,96.46,WORLD_CLASS,0.0,1.56,1.98
1,Bearing,1056,2026-09-28,SWING,100.0,96.77,97.95,480.0,0.0,480.0,929,910,12,7,0.947916666666667,94.79,WORLD_CLASS,0.0,3.23,1.98
1,Bearing,1061,2026-09-28,NIGHT,100.0,96.67,97.95,480.0,0.0,480.0,928,909,12,7,0.946875,94.69,WORLD_CLASS,0.0,3.33,1.98
2,Shaft,1052,2026-09-28,DAY,100.0,100.0,98.89,480.0,0.0,480.0,812,803,6,3,0.988916256157635,98.89,WORLD_CLASS,0.0,0.0,1.11
2,Shaft,1057,2026-09-28,SWING,100.0,92.13,98.91,480.0,0.0,480.0,737,729,5,3,0.91125,91.13,WORLD_CLASS,0.0,7.87,1.0
2,Shaft,1062,2026-09-28,NIGHT,100.0,90.75,98.9,480.0,0.0,480.0,726,718,5,3,0.8975,89.75,WORLD_CLASS,0.0,9.25,1.0
3,"Motor Housing",1053,2026-09-28,DAY,100.0,100.0,97.47,480.0,0.0,480.0,792,772,12,8,0.974747474747475,97.47,WORLD_CLASS,0.0,0.0,2.53
3,"Motor Housing",1058,2026-09-28,SWING,94.89,97.18,97.44,480.0,24.51,455.49,664,647,11,6,0.898611111111111,89.86,WORLD_CLASS,5.11,2.67,2.36
3,"Motor Housing",1063,2026-09-28,NIGHT,100.0,100.0,97.39,480.0,0.0,480.0,727,708,12,7,0.973865199449794,97.39,WORLD_CLASS,0.0,0.0,2.61
4,Coupling,1054,2026-09-28,DAY,100.0,97.16,98.48,480.0,0.0,480.0,855,842,8,5,0.956818181818182,95.68,WORLD_CLASS,0.0,2.84,1.48
4,Coupling,1059,2026-09-28,SWING,100.0,100.0,98.41,480.0,0.0,480.0,881,867,9,5,0.98410896708286,98.41,WORLD_CLASS,0.0,0.0,1.59
4,Coupling,1064,2026-09-28,NIGHT,100.0,96.36,98.47,480.0,0.0,480.0,848,835,8,5,0.948863636363636,94.89,WORLD_CLASS,0.0,3.64,1.48
5,Gearbox,1055,2026-09-28,DAY,100.0,89.84,96.87,480.0,0.0,480.0,575,557,11,7,0.8703125,87.03,WORLD_CLASS,0.0,10.16,2.81
5,Gearbox,1060,2026-09-28,SWING,100.0,95.31,96.89,480.0,0.0,480.0,610,591,12,7,0.9234375,92.34,WORLD_CLASS,0.0,4.69,2.97
5,Gearbox,1065,2026-09-28,NIGHT,94.42,100.0,96.87,480.0,26.77,453.23,638,618,12,8,0.914629506269592,91.46,WORLD_CLASS,5.58,0.0,2.96
1,Bearing,1066,2026-09-29,DAY,100.0,100.0,97.92,480.0,0.0,480.0,1012,991,13,8,0.979249011857708,97.92,WORLD_CLASS,0.0,0.0,2.08
1,Bearing,1071,2026-09-29,SWING,100.0,91.77,97.96,480.0,0.0,480.0,881,863,11,7,0.898958333333333,89.9,WORLD_CLASS,0.0,8.23,1.88
1,Bearing,1076,2026-09-29,NIGHT,100.0,100.0,97.92,480.0,0.0,480.0,961,941,12,8,0.979188345473465,97.92,WORLD_CLASS,0.0,0.0,2.08
2,Shaft,1067,2026-09-29,DAY,100.0,95.75,98.96,480.0,0.0,480.0,766,758,5,3,0.9475,94.75,WORLD_CLASS,0.0,4.25,1.0
2,Shaft,1072,2026-09-29,SWING,100.0,99.75,99.0,480.0,0.0,480.0,798,790,5,3,0.9875,98.75,WORLD_CLASS,0.0,0.25,1.0
2,Shaft,1077,2026-09-29,NIGHT,100.0,94.13,98.94,480.0,0.0,480.0,753,745,5,3,0.93125,93.13,WORLD_CLASS,0.0,5.87,1.0
3,"Motor Housing",1068,2026-09-29,DAY,100.0,98.19,97.45,480.0,0.0,480.0,707,689,11,7,0.956944444444444,95.69,WORLD_CLASS,0.0,1.81,2.5
3,"Motor Housing",1073,2026-09-29,SWING,100.0,100.0,97.46,480.0,0.0,480.0,788,768,12,8,0.974619289340102,97.46,WORLD_CLASS,0.0,0.0,2.54
3,"Motor Housing",1078,2026-09-29,NIGHT,93.92,100.0,97.46,480.0,29.18,450.82,709,691,11,7,0.915363834038552,91.54,WORLD_CLASS,6.08,0.0,2.38
4,Coupling,1069,2026-09-29,DAY,100.0,100.0,98.41,480.0,0.0,480.0,883,869,9,5,0.984144960362401,98.41,WORLD_CLASS,0.0,0.0,1.59
4,Coupling,1074,2026-09-29,SWING,100.0,99.66,98.4,480.0,0.0,480.0,877,863,9,5,0.980681818181818,98.07,WORLD_CLASS,0.0,0.34,1.59
4,Coupling,1079,2026-09-29,NIGHT,100.0,100.0,98.43,480.0,0.0,480.0,893,879,9,5,0.984322508398656,98.43,WORLD_CLASS,0.0,0.0,1.57
5,Gearbox,1070,2026-09-29,DAY,100.0,100.0,96.99,480.0,0.0,480.0,665,645,12,8,0.969924812030075,96.99,WORLD_CLASS,0.0,0.0,3.01
5,Gearbox,1075,2026-09-29,SWING,100.0,100.0,96.91,480.0,0.0,480.0,648,628,12,8,0.969135802469136,96.91,WORLD_CLASS,0.0,0.0,3.09
5,Gearbox,1080,2026-09-29,NIGHT,100.0,100.0,96.9,480.0,0.0,480.0,646,626,12,8,0.969040247678019,96.9,WORLD_CLASS,0.0,0.0,3.1
1,Bearing,1081,2026-09-30,DAY,100.0,100.0,97.99,480.0,0.0,480.0,996,976,12,8,0.979919678714859,97.99,WORLD_CLASS,0.0,0.0,2.01
1,Bearing,1086,2026-09-30,SWING,100.0,100.0,97.94,480.0,0.0,480.0,969,949,12,8,0.979360165118679,97.94,WORLD_CLASS,0.0,0.0,2.06
1,Bearing,1091,2026-09-30,NIGHT,100.0,98.75,98.0,480.0,0.0,480.0,948,929,12,7,0.967708333333333,96.77,WORLD_CLASS,0.0,1.25,1.98
2,Shaft,1082,2026-09-30,DAY,100.0,100.0,98.92,480.0,0.0,480.0,833,824,6,3,0.989195678271308,98.92,WORLD_CLASS,0.0,0.0,1.08
2,Shaft,1087,2026-09-30,SWING,100.0,96.63,98.97,480.0,0.0,480.0,773,765,5,3,0.95625,95.63,WORLD_CLASS,0.0,3.38,1.0
2,Shaft,1092,2026-09-30,NIGHT,100.0,98.75,98.99,480.0,0.0,480.0,790,782,5,3,0.9775,97.75,WORLD_CLASS,0.0,1.25,1.0
3,"Motor Housing",1083,2026-09-30,DAY,100.0,90.69,97.4,480.0,0.0,480.0,653,636,11,6,0.883333333333333,88.33,WORLD_CLASS,0.0,9.31,2.36
3,"Motor Housing",1088,2026-09-30,SWING,100.0,95.83,97.39,480.0,0.0,480.0,690,672,11,7,0.933333333333333,93.33,WORLD_CLASS,0.0,4.17,2.5
3,"Motor Housing",1093,2026-09-30,NIGHT,100.0,100.0,97.38,480.0,0.0,480.0,724,705,12,7,0.973756906077348,97.38,WORLD_CLASS,0.0,0.0,2.62
4,Coupling,1084,2026-09-30,DAY,100.0,100.0,98.45,480.0,0.0,480.0,903,889,9,5,0.984496124031008,98.45,WORLD_CLASS,0.0,0.0,1.55
4,Coupling,1089,2026-09-30,SWING,100.0,100.0,98.48,480.0,0.0,480.0,923,909,9,5,0.984832069339112,98.48,WORLD_CLASS,0.0,0.0,1.52
4,Coupling,1094,2026-09-30,NIGHT,100.0,100.0,98.41,480.0,0.0,480.0,881,867,9,5,0.98410896708286,98.41,WORLD_CLASS,0.0,0.0,1.59
5,Gearbox,1085,2026-09-30,DAY,100.0,97.19,96.95,480.0,0.0,480.0,622,603,12,7,0.9421875,94.22,WORLD_CLASS,0.0,2.81,2.97
5,Gearbox,1090,2026-09-30,SWING,100.0,100.0,96.88,480.0,0.0,480.0,641,621,12,8,0.968798751950078,96.88,WORLD_CLASS,0.0,0.0,3.12
5,Gearbox,1095,2026-09-30,NIGHT,100.0,88.28,96.99,480.0,0.0,480.0,565,548,11,6,0.85625,85.63,WORLD_CLASS,0.0,11.72,2.66
1,Bearing,1096,2026-10-01,DAY,100.0,95.83,97.93,480.0,0.0,480.0,920,901,12,7,0.938541666666667,93.85,WORLD_CLASS,0.0,4.17,1.98
1,Bearing,1101,2026-10-01,SWING,100.0,100.0,97.92,480.0,0.0,480.0,1056,1034,14,8,0.979166666666667,97.92,WORLD_CLASS,0.0,0.0,2.08
1,Bearing,1106,2026-10-01,NIGHT,100.0,100.0,97.97,480.0,0.0,480.0,1032,1011,13,8,0.979651162790698,97.97,WORLD_CLASS,0.0,0.0,2.03
2,Shaft,1097,2026-10-01,DAY,100.0,99.0,98.99,480.0,0.0,480.0,792,784,5,3,0.98,98.0,WORLD_CLASS,0.0,1.0,1.0
2,Shaft,1102,2026-10-01,SWING,95.03,100.0,98.96,480.0,23.86,456.14,766,758,5,3,0.940366949521323,94.04,WORLD_CLASS,4.97,0.0,0.99
2,Shaft,1107,2026-10-01,NIGHT,100.0,99.25,98.99,480.0,0.0,480.0,794,786,5,3,0.9825,98.25,WORLD_CLASS,0.0,0.75,1.0
3,"Motor Housing",1098,2026-10-01,DAY,100.0,100.0,97.46,480.0,0.0,480.0,748,729,12,7,0.974598930481283,97.46,WORLD_CLASS,0.0,0.0,2.54
3,"Motor Housing",1103,2026-10-01,SWING,100.0,100.0,97.43,480.0,0.0,480.0,739,720,12,7,0.974289580514208,97.43,WORLD_CLASS,0.0,0.0,2.57
3,"Motor Housing",1108,2026-10-01,NIGHT,100.0,99.72,97.49,480.0,0.0,480.0,718,700,11,7,0.972222222222222,97.22,WORLD_CLASS,0.0,0.28,2.5
4,Coupling,1099,2026-10-01,DAY,100.0,100.0,98.41,480.0,0.0,480.0,942,927,9,6,0.984076433121019,98.41,WORLD_CLASS,0.0,0.0,1.59
4,Coupling,1104,2026-10-01,SWING,100.0,97.61,98.49,480.0,0.0,480.0,859,846,8,5,0.961363636363636,96.14,WORLD_CLASS,0.0,2.39,1.48
4,Coupling,1109,2026-10-01,NIGHT,100.0,100.0,98.39,480.0,0.0,480.0,934,919,9,6,0.983940042826552,98.39,WORLD_CLASS,0.0,0.0,1.61
5,Gearbox,1100,2026-10-01,DAY,100.0,95.47,96.89,480.0,0.0,480.0,611,592,12,7,0.925,92.5,WORLD_CLASS,0.0,4.53,2.97
5,Gearbox,1105,2026-10-01,SWING,100.0,97.19,96.95,480.0,0.0,480.0,622,603,12,7,0.9421875,94.22,WORLD_CLASS,0.0,2.81,2.97
5,Gearbox,1110,2026-10-01,NIGHT,92.86,100.0,96.91,480.0,34.26,445.74,647,627,12,8,0.899919435857805,89.99,WORLD_CLASS,7.14,0.0,2.87
1,Bearing,1111,2026-10-02,DAY,100.0,92.81,97.98,480.0,0.0,480.0,891,873,11,7,0.909375,90.94,WORLD_CLASS,0.0,7.19,1.88
1,Bearing,1116,2026-10-02,SWING,100.0,100.0,97.92,480.0,0.0,480.0,961,941,12,8,0.979188345473465,97.92,WORLD_CLASS,0.0,0.0,2.08
1,Bearing,1121,2026-10-02,NIGHT,100.0,100.0,97.91,480.0,0.0,480.0,1005,984,13,8,0.97910447761194,97.91,WORLD_CLASS,0.0,0.0,2.09
2,Shaft,1112,2026-10-02,DAY,100.0,99.38,98.99,480.0,0.0,480.0,795,787,5,3,0.98375,98.38,WORLD_CLASS,0.0,0.62,1.0
2,Shaft,1117,2026-10-02,SWING,100.0,100.0,98.9,480.0,0.0,480.0,818,809,6,3,0.988997555012225,98.9,WORLD_CLASS,0.0,0.0,1.1
2,Shaft,1122,2026-10-02,NIGHT,100.0,96.88,98.97,480.0,0.0,480.0,775,767,5,3,0.95875,95.88,WORLD_CLASS,0.0,3.13,1.0
3,"Motor Housing",1113,2026-10-02,DAY,100.0,100.0,97.37,480.0,0.0,480.0,722,703,12,7,0.973684210526316,97.37,WORLD_CLASS,0.0,0.0,2.63
3,"Motor Housing",1118,2026-10-02,SWING,95.35,100.0,97.5,480.0,22.3,457.7,719,701,11,7,0.929669969865554,92.97,WORLD_CLASS,4.65,0.0,2.39
3,"Motor Housing",1123,2026-10-02,NIGHT,95.11,87.04,97.48,480.0,23.49,456.51,596,581,9,6,0.806944444444444,80.69,ACCEPTABLE,4.89,12.33,2.08
4,Coupling,1114,2026-10-02,DAY,100.0,100.0,98.44,480.0,0.0,480.0,963,948,9,6,0.984423676012461,98.44,WORLD_CLASS,0.0,0.0,1.56
4,Coupling,1119,2026-10-02,SWING,92.95,100.0,98.39,480.0,33.86,446.14,868,854,9,5,0.914467069892473,91.45,WORLD_CLASS,7.05,0.0,1.5
4,Coupling,1124,2026-10-02,NIGHT,100.0,93.52,98.42,480.0,0.0,480.0,823,810,8,5,0.920454545454545,92.05,WORLD_CLASS,0.0,6.48,1.48
5,Gearbox,1115,2026-10-02,DAY,100.0,100.0,96.88,480.0,0.0,480.0,704,682,14,8,0.96875,96.88,WORLD_CLASS,0.0,0.0,3.13
5,Gearbox,1120,2026-10-02,SWING,100.0,98.75,96.99,480.0,0.0,480.0,632,613,12,7,0.9578125,95.78,WORLD_CLASS,0.0,1.25,2.97
5,Gearbox,1125,2026-10-02,NIGHT,100.0,100.0,96.92,480.0,0.0,480.0,649,629,12,8,0.969183359013868,96.92,WORLD_CLASS,0.0,0.0,3.08
1,Bearing,1126,2026-10-03,DAY,100.0,100.0,97.9,480.0,0.0,480.0,1002,981,13,8,0.979041916167665,97.9,WORLD_CLASS,0.0,0.0,2.1
1,Bearing,1131,2026-10-03,SWING,100.0,100.0,97.98,480.0,0.0,480.0,991,971,12,8,0.979818365287588,97.98,WORLD_CLASS,0.0,0.0,2.02
1,Bearing,1136,2026-10-03,NIGHT,100.0,100.0,97.97,480.0,0.0,480.0,1033,1012,13,8,0.979670861568248,97.97,WORLD_CLASS,0.0,0.0,2.03
2,Shaft,1127,2026-10-03,DAY,100.0,89.13,98.88,480.0,0.0,480.0,713,705,5,3,0.88125,88.13,WORLD_CLASS,0.0,10.88,1.0
2,Shaft,1132,2026-10-03,SWING,100.0,100.0,98.93,480.0,0.0,480.0,845,836,6,3,0.989349112426036,98.93,WORLD_CLASS,0.0,0.0,1.07
2,Shaft,1137,2026-10-03,NIGHT,100.0,100.0,98.9,480.0,0.0,480.0,816,807,6,3,0.988970588235294,98.9,WORLD_CLASS,0.0,0.0,1.1
3,"Motor Housing",1128,2026-10-03,DAY,100.0,91.39,97.42,480.0,0.0,480.0,658,641,11,6,0.890277777777778,89.03,WORLD_CLASS,0.0,8.61,2.36
3,"Motor Housing",1133,2026-10-03,SWING,100.0,85.56,97.4,480.0,0.0,480.0,616,600,10,6,0.833333333333333,83.33,ACCEPTABLE,0.0,14.44,2.22
3,"Motor Housing",1138,2026-10-03,NIGHT,100.0,99.31,97.48,480.0,0.0,480.0,715,697,11,7,0.968055555555555,96.81,WORLD_CLASS,0.0,0.69,2.5
4,Coupling,1129,2026-10-03,DAY,100.0,100.0,98.41,480.0,0.0,480.0,883,869,9,5,0.984144960362401,98.41,WORLD_CLASS,0.0,0.0,1.59
4,Coupling,1134,2026-10-03,SWING,100.0,100.0,98.47,480.0,0.0,480.0,918,904,9,5,0.984749455337691,98.47,WORLD_CLASS,0.0,0.0,1.53
4,Coupling,1139,2026-10-03,NIGHT,100.0,100.0,98.43,480.0,0.0,480.0,890,876,9,5,0.984269662921348,98.43,WORLD_CLASS,0.0,0.0,1.57
5,Gearbox,1130,2026-10-03,DAY,100.0,85.0,96.88,480.0,0.0,480.0,544,527,11,6,0.8234375,82.34,ACCEPTABLE,0.0,15.0,2.66
5,Gearbox,1135,2026-10-03,SWING,100.0,99.53,96.86,480.0,0.0,480.0,637,617,12,8,0.9640625,96.41,WORLD_CLASS,0.0,0.47,3.12
5,Gearbox,1140,2026-10-03,NIGHT,100.0,100.0,96.88,480.0,0.0,480.0,674,653,13,8,0.968842729970326,96.88,WORLD_CLASS,0.0,0.0,3.12
1,Bearing,1141,2026-10-04,DAY,40.46,100.0,88.07,480.0,285.77,194.23,394,347,29,18,0.356375898900169,35.64,CRITICAL,59.54,0.0,4.83
1,Bearing,1146,2026-10-04,SWING,48.16,100.0,88.19,480.0,248.83,231.17,508,448,36,24,0.424721784776903,42.47,CRITICAL,51.84,0.0,5.69
1,Bearing,1151,2026-10-04,NIGHT,100.0,99.58,97.91,480.0,0.0,480.0,956,936,12,8,0.975,97.5,WORLD_CLASS,0.0,0.42,2.08
2,Shaft,1142,2026-10-04,DAY,40.46,100.0,93.87,480.0,285.77,194.23,326,306,12,8,0.379820935582822,37.98,CRITICAL,59.54,0.0,2.48
2,Shaft,1147,2026-10-04,SWING,48.16,100.0,93.8,480.0,248.83,231.17,387,363,15,9,0.451737241602067,45.17,CRITICAL,51.84,0.0,2.99
2,Shaft,1152,2026-10-04,NIGHT,96.13,97.13,98.93,480.0,18.57,461.43,747,739,5,3,0.92375,92.38,WORLD_CLASS,3.87,2.76,1.0
3,"Motor Housing",1143,2026-10-04,DAY,40.46,93.36,92.28,480.0,285.77,194.23,272,251,13,8,0.348611111111111,34.86,CRITICAL,59.54,2.69,2.92
3,"Motor Housing",1148,2026-10-04,SWING,48.16,100.0,92.51,480.0,248.83,231.17,347,321,16,10,0.445518551873199,44.55,CRITICAL,51.84,0.0,3.61
3,"Motor Housing",1153,2026-10-04,NIGHT,100.0,100.0,97.44,480.0,0.0,480.0,782,762,12,8,0.974424552429668,97.44,WORLD_CLASS,0.0,0.0,2.56
4,Coupling,1144,2026-10-04,DAY,40.46,100.0,93.46,480.0,285.77,194.23,367,343,15,9,0.378183980472298,37.82,CRITICAL,59.54,0.0,2.65
4,Coupling,1149,2026-10-04,SWING,48.16,97.45,93.46,480.0,248.83,231.17,413,386,17,10,0.438636363636364,43.86,CRITICAL,51.84,1.23,3.07
4,Coupling,1154,2026-10-04,NIGHT,100.0,100.0,98.44,480.0,0.0,480.0,964,949,9,6,0.984439834024896,98.44,WORLD_CLASS,0.0,0.0,1.56
5,Gearbox,1145,2026-10-04,DAY,40.46,100.0,91.95,480.0,285.77,194.23,261,240,13,8,0.372088122605364,37.21,CRITICAL,59.54,0.0,3.26
5,Gearbox,1150,2026-10-04,SWING,42.88,100.0,91.96,480.0,274.18,205.82,286,263,14,9,0.394308420745921,39.43,CRITICAL,57.12,0.0,3.45
5,Gearbox,1155,2026-10-04,NIGHT,100.0,98.44,96.98,480.0,0.0,480.0,630,611,12,7,0.9546875,95.47,WORLD_CLASS,0.0,1.56,2.97
1,Bearing,1156,2026-10-05,DAY,100.0,95.52,97.93,480.0,0.0,480.0,917,898,12,7,0.935416666666667,93.54,WORLD_CLASS,0.0,4.48,1.98
1,Bearing,1161,2026-10-05,SWING,100.0,100.0,97.93,480.0,0.0,480.0,1013,992,13,8,0.979269496544916,97.93,WORLD_CLASS,0.0,0.0,2.07
1,Bearing,1166,2026-10-05,NIGHT,100.0,98.02,97.98,480.0,0.0,480.0,941,922,12,7,0.960416666666667,96.04,WORLD_CLASS,0.0,1.98,1.98
2,Shaft,1157,2026-10-05,DAY,100.0,100.0,98.94,480.0,0.0,480.0,851,842,6,3,0.989424206815511,98.94,WORLD_CLASS,0.0,0.0,1.06
2,Shaft,1162,2026-10-05,SWING,100.0,94.13,98.94,480.0,0.0,480.0,753,745,5,3,0.93125,93.13,WORLD_CLASS,0.0,5.87,1.0
2,Shaft,1167,2026-10-05,NIGHT,93.71,100.0,98.91,480.0,30.2,449.8,824,815,6,3,0.926848199838188,92.68,WORLD_CLASS,6.29,0.0,1.02
3,"Motor Housing",1158,2026-10-05,DAY,100.0,96.53,97.41,480.0,0.0,480.0,695,677,11,7,0.940277777777778,94.03,WORLD_CLASS,0.0,3.47,2.5
3,"Motor Housing",1163,2026-10-05,SWING,100.0,100.0,97.38,480.0,0.0,480.0,724,705,12,7,0.973756906077348,97.38,WORLD_CLASS,0.0,0.0,2.62
3,"Motor Housing",1168,2026-10-05,NIGHT,100.0,100.0,97.47,480.0,0.0,480.0,752,733,12,7,0.974734042553192,97.47,WORLD_CLASS,0.0,0.0,2.53
4,Coupling,1159,2026-10-05,DAY,100.0,100.0,98.45,480.0,0.0,480.0,968,953,9,6,0.984504132231405,98.45,WORLD_CLASS,0.0,0.0,1.55
4,Coupling,1164,2026-10-05,SWING,100.0,100.0,98.39,480.0,0.0,480.0,934,919,9,6,0.983940042826552,98.39,WORLD_CLASS,0.0,0.0,1.61
4,Coupling,1169,2026-10-05,NIGHT,100.0,99.55,98.4,480.0,0.0,480.0,876,862,9,5,0.979545454545454,97.95,WORLD_CLASS,0.0,0.45,1.59
5,Gearbox,1160,2026-10-05,DAY,100.0,100.0,96.88,480.0,0.0,480.0,640,620,12,8,0.96875,96.88,WORLD_CLASS,0.0,0.0,3.13
5,Gearbox,1165,2026-10-05,SWING,100.0,100.0,96.96,480.0,0.0,480.0,658,638,12,8,0.969604863221885,96.96,WORLD_CLASS,0.0,0.0,3.04
5,Gearbox,1170,2026-10-05,NIGHT,100.0,97.66,96.96,480.0,0.0,480.0,625,606,12,7,0.946875,94.69,WORLD_CLASS,0.0,2.34,2.97
1,Bearing,1171,2026-10-06,DAY,100.0,99.38,97.9,480.0,0.0,480.0,954,934,12,8,0.972916666666667,97.29,WORLD_CLASS,0.0,0.62,2.08
1,Bearing,1176,2026-10-06,SWING,100.0,100.0,97.96,480.0,0.0,480.0,1027,1006,13,8,0.979552093476144,97.96,WORLD_CLASS,0.0,0.0,2.04
1,Bearing,1181,2026-10-06,NIGHT,100.0,100.0,97.9,480.0,0.0,480.0,1001,980,13,8,0.979020979020979,97.9,WORLD_CLASS,0.0,0.0,2.1
2,Shaft,1172,2026-10-06,DAY,96.26,100.0,98.91,480.0,17.95,462.05,828,819,6,3,0.952141077898551,95.21,WORLD_CLASS,3.74,0.0,1.05
2,Shaft,1177,2026-10-06,SWING,100.0,99.87,99.0,480.0,0.0,480.0,799,791,5,3,0.98875,98.87,WORLD_CLASS,0.0,0.13,1.0
2,Shaft,1182,2026-10-06,NIGHT,100.0,100.0,98.93,480.0,0.0,480.0,843,834,6,3,0.98932384341637,98.93,WORLD_CLASS,0.0,0.0,1.07
3,"Motor Housing",1173,2026-10-06,DAY,100.0,96.81,97.42,480.0,0.0,480.0,697,679,11,7,0.943055555555555,94.31,WORLD_CLASS,0.0,3.19,2.5
3,"Motor Housing",1178,2026-10-06,SWING,100.0,100.0,97.49,480.0,0.0,480.0,756,737,12,7,0.974867724867725,97.49,WORLD_CLASS,0.0,0.0,2.51
3,"Motor Housing",1183,2026-10-06,NIGHT,100.0,95.0,97.37,480.0,0.0,480.0,684,666,11,7,0.925,92.5,WORLD_CLASS,0.0,5.0,2.5
4,Coupling,1174,2026-10-06,DAY,100.0,100.0,98.42,480.0,0.0,480.0,888,874,9,5,0.984234234234234,98.42,WORLD_CLASS,0.0,0.0,1.58
4,Coupling,1179,2026-10-06,SWING,100.0,100.0,98.46,480.0,0.0,480.0,911,897,9,5,0.984632272228321,98.46,WORLD_CLASS,0.0,0.0,1.54
4,Coupling,1184,2026-10-06,NIGHT,100.0,100.0,98.47,480.0,0.0,480.0,917,903,9,5,0.984732824427481,98.47,WORLD_CLASS,0.0,0.0,1.53
5,Gearbox,1175,2026-10-06,DAY,100.0,96.56,96.93,480.0,0.0,480.0,618,599,12,7,0.9359375,93.59,WORLD_CLASS,0.0,3.44,2.97
5,Gearbox,1180,2026-10-06,SWING,100.0,97.81,96.96,480.0,0.0,480.0,626,607,12,7,0.9484375,94.84,WORLD_CLASS,0.0,2.19,2.97
5,Gearbox,1185,2026-10-06,NIGHT,100.0,100.0,96.88,480.0,0.0,480.0,704,682,14,8,0.96875,96.88,WORLD_CLASS,0.0,0.0,3.13
1,Bearing,1186,2026-10-07,DAY,100.0,99.27,97.9,480.0,0.0,480.0,953,933,12,8,0.971875,97.19,WORLD_CLASS,0.0,0.73,2.08
1,Bearing,1191,2026-10-07,SWING,100.0,100.0,97.91,480.0,0.0,480.0,1004,983,13,8,0.979083665338645,97.91,WORLD_CLASS,0.0,0.0,2.09
1,Bearing,1196,2026-10-07,NIGHT,100.0,95.63,97.93,480.0,0.0,480.0,918,899,12,7,0.936458333333333,93.65,WORLD_CLASS,0.0,4.37,1.98
2,Shaft,1187,2026-10-07,DAY,100.0,100.0,98.92,480.0,0.0,480.0,831,822,6,3,0.989169675090253,98.92,WORLD_CLASS,0.0,0.0,1.08
2,Shaft,1192,2026-10-07,SWING,100.0,100.0,98.88,480.0,0.0,480.0,804,795,6,3,0.988805970149254,98.88,WORLD_CLASS,0.0,0.0,1.12
2,Shaft,1197,2026-10-07,NIGHT,100.0,100.0,98.89,480.0,0.0,480.0,808,799,6,3,0.988861386138614,98.89,WORLD_CLASS,0.0,0.0,1.11
3,"Motor Housing",1188,2026-10-07,DAY,100.0,94.03,97.49,480.0,0.0,480.0,677,660,11,6,0.916666666666667,91.67,WORLD_CLASS,0.0,5.97,2.36
3,"Motor Housing",1193,2026-10-07,SWING,100.0,94.72,97.36,480.0,0.0,480.0,682,664,11,7,0.922222222222222,92.22,WORLD_CLASS,0.0,5.28,2.5
3,"Motor Housing",1198,2026-10-07,NIGHT,100.0,95.83,97.39,480.0,0.0,480.0,690,672,11,7,0.933333333333333,93.33,WORLD_CLASS,0.0,4.17,2.5
4,Coupling,1189,2026-10-07,DAY,100.0,100.0,98.46,480.0,0.0,480.0,907,893,9,5,0.984564498346196,98.46,WORLD_CLASS,0.0,0.0,1.54
4,Coupling,1194,2026-10-07,SWING,100.0,100.0,98.4,480.0,0.0,480.0,935,920,9,6,0.983957219251337,98.4,WORLD_CLASS,0.0,0.0,1.6
4,Coupling,1199,2026-10-07,NIGHT,100.0,100.0,98.45,480.0,0.0,480.0,904,890,9,5,0.984513274336283,98.45,WORLD_CLASS,0.0,0.0,1.55
5,Gearbox,1190,2026-10-07,DAY,100.0,97.81,96.96,480.0,0.0,480.0,626,607,12,7,0.9484375,94.84,WORLD_CLASS,0.0,2.19,2.97
5,Gearbox,1195,2026-10-07,SWING,100.0,99.69,96.87,480.0,0.0,480.0,638,618,12,8,0.965625,96.56,WORLD_CLASS,0.0,0.31,3.13
5,Gearbox,1200,2026-10-07,NIGHT,100.0,100.0,96.88,480.0,0.0,480.0,642,622,12,8,0.968847352024922,96.88,WORLD_CLASS,0.0,0.0,3.12
1,Bearing,1201,2026-10-08,DAY,100.0,98.85,98.0,480.0,0.0,480.0,949,930,12,7,0.96875,96.88,WORLD_CLASS,0.0,1.15,1.98
1,Bearing,1206,2026-10-08,SWING,100.0,100.0,97.99,480.0,0.0,480.0,1045,1024,13,8,0.979904306220096,97.99,WORLD_CLASS,0.0,0.0,2.01
1,Bearing,1211,2026-10-08,NIGHT,96.19,99.96,97.94,480.0,18.31,461.69,923,904,12,7,0.941666666666667,94.17,WORLD_CLASS,3.81,0.04,1.98
2,Shaft,1202,2026-10-08,DAY,100.0,100.0,98.92,480.0,0.0,480.0,833,824,6,3,0.989195678271308,98.92,WORLD_CLASS,0.0,0.0,1.08
2,Shaft,1207,2026-10-08,SWING,100.0,100.0,98.89,480.0,0.0,480.0,813,804,6,3,0.988929889298893,98.89,WORLD_CLASS,0.0,0.0,1.11
2,Shaft,1212,2026-10-08,NIGHT,94.19,99.8,98.94,480.0,27.88,452.12,752,744,5,3,0.93,93.0,WORLD_CLASS,5.81,0.19,1.0
3,"Motor Housing",1203,2026-10-08,DAY,92.25,94.25,97.44,480.0,37.22,442.78,626,610,10,6,0.847222222222222,84.72,ACCEPTABLE,7.75,5.3,2.22
3,"Motor Housing",1208,2026-10-08,SWING,100.0,99.44,97.49,480.0,0.0,480.0,716,698,11,7,0.969444444444444,96.94,WORLD_CLASS,0.0,0.56,2.5
3,"Motor Housing",1213,2026-10-08,NIGHT,100.0,100.0,97.38,480.0,0.0,480.0,763,743,12,8,0.973787680209699,97.38,WORLD_CLASS,0.0,0.0,2.62
4,Coupling,1204,2026-10-08,DAY,100.0,100.0,98.49,480.0,0.0,480.0,929,915,9,5,0.984930032292788,98.49,WORLD_CLASS,0.0,0.0,1.51
4,Coupling,1209,2026-10-08,SWING,100.0,97.05,98.48,480.0,0.0,480.0,854,841,8,5,0.955681818181818,95.57,WORLD_CLASS,0.0,2.95,1.48
4,Coupling,1214,2026-10-08,NIGHT,100.0,98.52,98.39,480.0,0.0,480.0,867,853,9,5,0.969318181818182,96.93,WORLD_CLASS,0.0,1.48,1.59
5,Gearbox,1205,2026-10-08,DAY,100.0,90.63,96.9,480.0,0.0,480.0,580,562,11,7,0.878125,87.81,WORLD_CLASS,0.0,9.38,2.81
5,Gearbox,1210,2026-10-08,SWING,100.0,100.0,96.98,480.0,0.0,480.0,662,642,12,8,0.969788519637462,96.98,WORLD_CLASS,0.0,0.0,3.02
5,Gearbox,1215,2026-10-08,NIGHT,100.0,99.53,96.86,480.0,0.0,480.0,637,617,12,8,0.9640625,96.41,WORLD_CLASS,0.0,0.47,3.12
1,Bearing,1216,2026-10-09,DAY,100.0,100.0,97.98,480.0,0.0,480.0,988,968,12,8,0.979757085020243,97.98,WORLD_CLASS,0.0,0.0,2.02
1,Bearing,1221,2026-10-09,SWING,100.0,100.0,97.91,480.0,0.0,480.0,1003,982,13,8,0.979062811565304,97.91,WORLD_CLASS,0.0,0.0,2.09
1,Bearing,1226,2026-10-09,NIGHT,100.0,100.0,97.99,480.0,0.0,480.0,996,976,12,8,0.979919678714859,97.99,WORLD_CLASS,0.0,0.0,2.01
2,Shaft,1217,2026-10-09,DAY,100.0,100.0,98.94,480.0,0.0,480.0,849,840,6,3,0.989399293286219,98.94,WORLD_CLASS,0.0,0.0,1.06
2,Shaft,1222,2026-10-09,SWING,95.03,100.0,98.91,480.0,23.86,456.14,823,814,6,3,0.939899655731065,93.99,WORLD_CLASS,4.97,0.0,1.04
2,Shaft,1227,2026-10-09,NIGHT,100.0,100.0,98.96,480.0,0.0,480.0,866,857,6,3,0.989607390300231,98.96,WORLD_CLASS,0.0,0.0,1.04
3,"Motor Housing",1218,2026-10-09,DAY,100.0,100.0,97.5,480.0,0.0,480.0,720,702,11,7,0.975,97.5,WORLD_CLASS,0.0,0.0,2.5
3,"Motor Housing",1223,2026-10-09,SWING,100.0,95.97,97.4,480.0,0.0,480.0,691,673,11,7,0.934722222222222,93.47,WORLD_CLASS,0.0,4.03,2.5
3,"Motor Housing",1228,2026-10-09,NIGHT,100.0,100.0,97.38,480.0,0.0,480.0,725,706,12,7,0.973793103448276,97.38,WORLD_CLASS,0.0,0.0,2.62
4,Coupling,1219,2026-10-09,DAY,100.0,100.0,98.43,480.0,0.0,480.0,893,879,9,5,0.984322508398656,98.43,WORLD_CLASS,0.0,0.0,1.57
4,Coupling,1224,2026-10-09,SWING,100.0,100.0,98.41,480.0,0.0,480.0,880,866,9,5,0.984090909090909,98.41,WORLD_CLASS,0.0,0.0,1.59
4,Coupling,1229,2026-10-09,NIGHT,100.0,100.0,98.44,480.0,0.0,480.0,896,882,9,5,0.984375,98.44,WORLD_CLASS,0.0,0.0,1.56
5,Gearbox,1220,2026-10-09,DAY,100.0,100.0,96.9,480.0,0.0,480.0,646,626,12,8,0.969040247678019,96.9,WORLD_CLASS,0.0,0.0,3.1
5,Gearbox,1225,2026-10-09,SWING,100.0,100.0,96.89,480.0,0.0,480.0,643,623,12,8,0.968895800933126,96.89,WORLD_CLASS,0.0,0.0,3.11
5,Gearbox,1230,2026-10-09,NIGHT,100.0,100.0,96.92,480.0,0.0,480.0,681,660,13,8,0.969162995594714,96.92,WORLD_CLASS,0.0,0.0,3.08
1,Bearing,1231,2026-10-10,DAY,100.0,94.48,97.91,480.0,0.0,480.0,907,888,12,7,0.925,92.5,WORLD_CLASS,0.0,5.52,1.98
1,Bearing,1236,2026-10-10,SWING,100.0,98.13,97.98,480.0,0.0,480.0,942,923,12,7,0.961458333333333,96.15,WORLD_CLASS,0.0,1.88,1.98
1,Bearing,1241,2026-10-10,NIGHT,100.0,100.0,97.91,480.0,0.0,480.0,1004,983,13,8,0.979083665338645,97.91,WORLD_CLASS,0.0,0.0,2.09
2,Shaft,1232,2026-10-10,DAY,100.0,96.88,98.97,480.0,0.0,480.0,775,767,5,3,0.95875,95.88,WORLD_CLASS,0.0,3.13,1.0
2,Shaft,1237,2026-10-10,SWING,100.0,100.0,98.97,480.0,0.0,480.0,877,868,6,3,0.989737742303307,98.97,WORLD_CLASS,0.0,0.0,1.03
2,Shaft,1242,2026-10-10,NIGHT,100.0,100.0,98.88,480.0,0.0,480.0,805,796,6,3,0.988819875776398,98.88,WORLD_CLASS,0.0,0.0,1.12
3,"Motor Housing",1233,2026-10-10,DAY,100.0,98.47,97.46,480.0,0.0,480.0,709,691,11,7,0.959722222222222,95.97,WORLD_CLASS,0.0,1.53,2.5
3,"Motor Housing",1238,2026-10-10,SWING,100.0,97.08,97.42,480.0,0.0,480.0,699,681,11,7,0.945833333333333,94.58,WORLD_CLASS,0.0,2.92,2.5
3,"Motor Housing",1243,2026-10-10,NIGHT,100.0,100.0,97.43,480.0,0.0,480.0,739,720,12,7,0.974289580514208,97.43,WORLD_CLASS,0.0,0.0,2.57
4,Coupling,1234,2026-10-10,DAY,100.0,100.0,98.42,480.0,0.0,480.0,886,872,9,5,0.984198645598194,98.42,WORLD_CLASS,0.0,0.0,1.58
4,Coupling,1239,2026-10-10,SWING,100.0,99.66,98.4,480.0,0.0,480.0,877,863,9,5,0.980681818181818,98.07,WORLD_CLASS,0.0,0.34,1.59
4,Coupling,1244,2026-10-10,NIGHT,100.0,100.0,98.48,480.0,0.0,480.0,923,909,9,5,0.984832069339112,98.48,WORLD_CLASS,0.0,0.0,1.52
5,Gearbox,1235,2026-10-10,DAY,100.0,100.0,96.93,480.0,0.0,480.0,652,632,12,8,0.969325153374233,96.93,WORLD_CLASS,0.0,0.0,3.07
5,Gearbox,1240,2026-10-10,SWING,95.59,100.0,96.92,480.0,21.18,458.82,650,630,12,8,0.926463461538462,92.65,WORLD_CLASS,4.41,0.0,2.94
5,Gearbox,1245,2026-10-10,NIGHT,100.0,100.0,96.89,480.0,0.0,480.0,644,624,12,8,0.968944099378882,96.89,WORLD_CLASS,0.0,0.0,3.11
1,Bearing,1246,2026-10-11,DAY,100.0,100.0,98.0,480.0,0.0,480.0,998,978,12,8,0.979959919839679,98.0,WORLD_CLASS,0.0,0.0,2.0
1,Bearing,1251,2026-10-11,SWING,100.0,94.9,97.91,480.0,0.0,480.0,911,892,12,7,0.929166666666667,92.92,WORLD_CLASS,0.0,5.1,1.98
1,Bearing,1256,2026-10-11,NIGHT,100.0,99.58,97.91,480.0,0.0,480.0,956,936,12,8,0.975,97.5,WORLD_CLASS,0.0,0.42,2.08
2,Shaft,1247,2026-10-11,DAY,100.0,96.0,98.96,480.0,0.0,480.0,768,760,5,3,0.95,95.0,WORLD_CLASS,0.0,4.0,1.0
2,Shaft,1252,2026-10-11,SWING,100.0,100.0,98.95,480.0,0.0,480.0,856,847,6,3,0.989485981308411,98.95,WORLD_CLASS,0.0,0.0,1.05
2,Shaft,1257,2026-10-11,NIGHT,100.0,99.25,98.99,480.0,0.0,480.0,794,786,5,3,0.9825,98.25,WORLD_CLASS,0.0,0.75,1.0
3,"Motor Housing",1248,2026-10-11,DAY,100.0,100.0,97.39,480.0,0.0,480.0,727,708,12,7,0.973865199449794,97.39,WORLD_CLASS,0.0,0.0,2.61
3,"Motor Housing",1253,2026-10-11,SWING,100.0,98.33,97.46,480.0,0.0,480.0,708,690,11,7,0.958333333333333,95.83,WORLD_CLASS,0.0,1.67,2.5
3,"Motor Housing",1258,2026-10-11,NIGHT,100.0,96.25,97.4,480.0,0.0,480.0,693,675,11,7,0.9375,93.75,WORLD_CLASS,0.0,3.75,2.5
4,Coupling,1249,2026-10-11,DAY,100.0,92.39,98.4,480.0,0.0,480.0,813,800,8,5,0.909090909090909,90.91,WORLD_CLASS,0.0,7.61,1.48
4,Coupling,1254,2026-10-11,SWING,100.0,100.0,98.44,480.0,0.0,480.0,899,885,9,5,0.984427141268076,98.44,WORLD_CLASS,0.0,0.0,1.56
4,Coupling,1259,2026-10-11,NIGHT,100.0,100.0,98.48,480.0,0.0,480.0,924,910,9,5,0.984848484848485,98.48,WORLD_CLASS,0.0,0.0,1.52
5,Gearbox,1250,2026-10-11,DAY,100.0,96.09,96.91,480.0,0.0,480.0,615,596,12,7,0.93125,93.13,WORLD_CLASS,0.0,3.91,2.97
5,Gearbox,1255,2026-10-11,SWING,100.0,95.94,96.91,480.0,0.0,480.0,614,595,12,7,0.9296875,92.97,WORLD_CLASS,0.0,4.06,2.97
5,Gearbox,1260,2026-10-11,NIGHT,100.0,92.19,96.95,480.0,0.0,480.0,590,572,11,7,0.89375,89.38,WORLD_CLASS,0.0,7.81,2.81
1,Bearing,1261,2026-10-12,DAY,95.37,100.0,98.0,480.0,22.23,457.77,950,931,12,7,0.93461375,93.46,WORLD_CLASS,4.63,0.0,1.91
1,Bearing,1266,2026-10-12,SWING,98.46,100.0,98.0,480.0,7.38,472.62,949,930,12,7,0.964911749209694,96.49,WORLD_CLASS,1.54,0.0,1.97
1,Bearing,1271,2026-10-12,NIGHT,100.0,93.96,97.89,480.0,0.0,480.0,902,883,12,7,0.919791666666667,91.98,WORLD_CLASS,0.0,6.04,1.98
2,Shaft,1262,2026-10-12,DAY,100.0,100.0,98.98,480.0,0.0,480.0,880,871,6,3,0.989772727272727,98.98,WORLD_CLASS,0.0,0.0,1.02
2,Shaft,1267,2026-10-12,SWING,100.0,91.75,98.91,480.0,0.0,480.0,734,726,5,3,0.9075,90.75,WORLD_CLASS,0.0,8.25,1.0
2,Shaft,1272,2026-10-12,NIGHT,100.0,92.38,98.92,480.0,0.0,480.0,739,731,5,3,0.91375,91.38,WORLD_CLASS,0.0,7.63,1.0
3,"Motor Housing",1263,2026-10-12,DAY,100.0,96.39,97.41,480.0,0.0,480.0,694,676,11,7,0.938888888888889,93.89,WORLD_CLASS,0.0,3.61,2.5
3,"Motor Housing",1268,2026-10-12,SWING,97.58,100.0,97.39,480.0,11.64,468.36,729,710,12,7,0.950318930041152,95.03,WORLD_CLASS,2.42,0.0,2.54
3,"Motor Housing",1273,2026-10-12,NIGHT,100.0,99.03,97.48,480.0,0.0,480.0,713,695,11,7,0.965277777777778,96.53,WORLD_CLASS,0.0,0.97,2.5
4,Coupling,1264,2026-10-12,DAY,100.0,100.0,98.42,480.0,0.0,480.0,887,873,9,5,0.984216459977452,98.42,WORLD_CLASS,0.0,0.0,1.58
4,Coupling,1269,2026-10-12,SWING,100.0,98.07,98.49,480.0,0.0,480.0,863,850,8,5,0.965909090909091,96.59,WORLD_CLASS,0.0,1.93,1.48
4,Coupling,1274,2026-10-12,NIGHT,100.0,100.0,98.48,480.0,0.0,480.0,922,908,9,5,0.984815618221258,98.48,WORLD_CLASS,0.0,0.0,1.52
5,Gearbox,1265,2026-10-12,DAY,100.0,92.66,96.96,480.0,0.0,480.0,593,575,11,7,0.8984375,89.84,WORLD_CLASS,0.0,7.34,2.81
5,Gearbox,1270,2026-10-12,SWING,100.0,91.09,96.91,480.0,0.0,480.0,583,565,11,7,0.8828125,88.28,WORLD_CLASS,0.0,8.91,2.81
5,Gearbox,1275,2026-10-12,NIGHT,100.0,98.44,96.98,480.0,0.0,480.0,630,611,12,7,0.9546875,95.47,WORLD_CLASS,0.0,1.56,2.97
1,Bearing,1276,2026-10-13,DAY,100.0,94.38,97.9,480.0,0.0,480.0,906,887,12,7,0.923958333333333,92.4,WORLD_CLASS,0.0,5.63,1.98
1,Bearing,1281,2026-10-13,SWING,100.0,100.0,97.97,480.0,0.0,480.0,983,963,12,8,0.979654120040692,97.97,WORLD_CLASS,0.0,0.0,2.03
1,Bearing,1286,2026-10-13,NIGHT,100.0,100.0,97.94,480.0,0.0,480.0,1020,999,13,8,0.979411764705882,97.94,WORLD_CLASS,0.0,0.0,2.06
2,Shaft,1277,2026-10-13,DAY,100.0,96.13,98.96,480.0,0.0,480.0,769,761,5,3,0.95125,95.13,WORLD_CLASS,0.0,3.88,1.0
2,Shaft,1282,2026-10-13,SWING,98.21,87.83,98.99,480.0,8.61,471.39,690,683,5,2,0.85375,85.37,WORLD_CLASS,1.79,11.96,0.87
2,Shaft,1287,2026-10-13,NIGHT,100.0,91.88,98.91,480.0,0.0,480.0,735,727,5,3,0.90875,90.88,WORLD_CLASS,0.0,8.13,1.0
3,"Motor Housing",1278,2026-10-13,DAY,100.0,100.0,97.39,480.0,0.0,480.0,727,708,12,7,0.973865199449794,97.39,WORLD_CLASS,0.0,0.0,2.61
3,"Motor Housing",1283,2026-10-13,SWING,100.0,100.0,97.39,480.0,0.0,480.0,765,745,12,8,0.973856209150327,97.39,WORLD_CLASS,0.0,0.0,2.61
3,"Motor Housing",1288,2026-10-13,NIGHT,100.0,90.83,97.4,480.0,0.0,480.0,654,637,11,6,0.884722222222222,88.47,WORLD_CLASS,0.0,9.17,2.36
4,Coupling,1279,2026-10-13,DAY,100.0,87.95,98.45,480.0,0.0,480.0,774,762,8,4,0.865909090909091,86.59,WORLD_CLASS,0.0,12.05,1.36
4,Coupling,1284,2026-10-13,SWING,100.0,91.93,98.39,480.0,0.0,480.0,809,796,8,5,0.904545454545455,90.45,WORLD_CLASS,0.0,8.07,1.48
4,Coupling,1289,2026-10-13,NIGHT,100.0,94.55,98.44,480.0,0.0,480.0,832,819,8,5,0.930681818181818,93.07,WORLD_CLASS,0.0,5.45,1.48
5,Gearbox,1280,2026-10-13,DAY,100.0,100.0,96.97,480.0,0.0,480.0,661,641,12,8,0.969742813918306,96.97,WORLD_CLASS,0.0,0.0,3.03
5,Gearbox,1285,2026-10-13,SWING,100.0,99.06,96.85,480.0,0.0,480.0,634,614,12,8,0.959375,95.94,WORLD_CLASS,0.0,0.94,3.13
5,Gearbox,1290,2026-10-13,NIGHT,96.06,94.67,96.91,480.0,18.92,461.08,582,564,11,7,0.88125,88.13,WORLD_CLASS,3.94,5.12,2.81
1,Bearing,1291,2026-10-14,DAY,97.74,99.43,97.96,480.0,10.84,469.16,933,914,12,7,0.952083333333333,95.21,WORLD_CLASS,2.26,0.55,1.98
1,Bearing,1296,2026-10-14,SWING,100.0,95.83,97.93,480.0,0.0,480.0,920,901,12,7,0.938541666666667,93.85,WORLD_CLASS,0.0,4.17,1.98
1,Bearing,1301,2026-10-14,NIGHT,100.0,93.65,98.0,480.0,0.0,480.0,899,881,11,7,0.917708333333333,91.77,WORLD_CLASS,0.0,6.35,1.87
2,Shaft,1292,2026-10-14,DAY,100.0,97.5,98.97,480.0,0.0,480.0,780,772,5,3,0.965,96.5,WORLD_CLASS,0.0,2.5,1.0
2,Shaft,1297,2026-10-14,SWING,100.0,100.0,98.89,480.0,0.0,480.0,814,805,6,3,0.988943488943489,98.89,WORLD_CLASS,0.0,0.0,1.11
2,Shaft,1302,2026-10-14,NIGHT,100.0,100.0,98.92,480.0,0.0,480.0,831,822,6,3,0.989169675090253,98.92,WORLD_CLASS,0.0,0.0,1.08
3,"Motor Housing",1293,2026-10-14,DAY,100.0,97.64,97.44,480.0,0.0,480.0,703,685,11,7,0.951388888888889,95.14,WORLD_CLASS,0.0,2.36,2.5
3,"Motor Housing",1298,2026-10-14,SWING,96.89,100.0,97.42,480.0,14.91,465.09,698,680,11,7,0.943950573065903,94.4,WORLD_CLASS,3.11,0.0,2.5
3,"Motor Housing",1303,2026-10-14,NIGHT,100.0,96.39,97.41,480.0,0.0,480.0,694,676,11,7,0.938888888888889,93.89,WORLD_CLASS,0.0,3.61,2.5
4,Coupling,1294,2026-10-14,DAY,100.0,97.73,98.49,480.0,0.0,480.0,860,847,8,5,0.9625,96.25,WORLD_CLASS,0.0,2.27,1.48
4,Coupling,1299,2026-10-14,SWING,100.0,95.0,98.44,480.0,0.0,480.0,836,823,8,5,0.935227272727273,93.52,WORLD_CLASS,0.0,5.0,1.48
4,Coupling,1304,2026-10-14,NIGHT,100.0,100.0,98.44,480.0,0.0,480.0,898,884,9,5,0.984409799554566,98.44,WORLD_CLASS,0.0,0.0,1.56
5,Gearbox,1295,2026-10-14,DAY,100.0,99.22,96.85,480.0,0.0,480.0,635,615,12,8,0.9609375,96.09,WORLD_CLASS,0.0,0.78,3.13
5,Gearbox,1300,2026-10-14,SWING,100.0,100.0,97.0,480.0,0.0,480.0,700,679,13,8,0.97,97.0,WORLD_CLASS,0.0,0.0,3.0
5,Gearbox,1305,2026-10-14,NIGHT,100.0,100.0,96.96,480.0,0.0,480.0,658,638,12,8,0.969604863221885,96.96,WORLD_CLASS,0.0,0.0,3.04
1,Bearing,1306,2026-10-15,DAY,100.0,100.0,97.91,480.0,0.0,480.0,1004,983,13,8,0.979083665338645,97.91,WORLD_CLASS,0.0,0.0,2.09
1,Bearing,1311,2026-10-15,SWING,95.51,96.08,97.96,480.0,21.54,458.46,881,863,11,7,0.898958333333333,89.9,WORLD_CLASS,4.49,3.74,1.88
1,Bearing,1316,2026-10-15,NIGHT,100.0,100.0,98.0,480.0,0.0,480.0,1000,980,12,8,0.98,98.0,WORLD_CLASS,0.0,0.0,2.0
2,Shaft,1307,2026-10-15,DAY,100.0,100.0,98.95,480.0,0.0,480.0,859,850,6,3,0.989522700814901,98.95,WORLD_CLASS,0.0,0.0,1.05
2,Shaft,1312,2026-10-15,SWING,100.0,93.25,98.93,480.0,0.0,480.0,746,738,5,3,0.9225,92.25,WORLD_CLASS,0.0,6.75,1.0
2,Shaft,1317,2026-10-15,NIGHT,100.0,100.0,98.95,480.0,0.0,480.0,856,847,6,3,0.989485981308411,98.95,WORLD_CLASS,0.0,0.0,1.05
3,"Motor Housing",1308,2026-10-15,DAY,100.0,95.83,97.39,480.0,0.0,480.0,690,672,11,7,0.933333333333333,93.33,WORLD_CLASS,0.0,4.17,2.5
3,"Motor Housing",1313,2026-10-15,SWING,100.0,100.0,97.47,480.0,0.0,480.0,792,772,12,8,0.974747474747475,97.47,WORLD_CLASS,0.0,0.0,2.53
3,"Motor Housing",1318,2026-10-15,NIGHT,100.0,100.0,97.38,480.0,0.0,480.0,726,707,12,7,0.973829201101928,97.38,WORLD_CLASS,0.0,0.0,2.62
4,Coupling,1309,2026-10-15,DAY,100.0,100.0,98.45,480.0,0.0,480.0,968,953,9,6,0.984504132231405,98.45,WORLD_CLASS,0.0,0.0,1.55
4,Coupling,1314,2026-10-15,SWING,100.0,100.0,98.43,480.0,0.0,480.0,956,941,9,6,0.984309623430962,98.43,WORLD_CLASS,0.0,0.0,1.57
4,Coupling,1319,2026-10-15,NIGHT,100.0,98.18,98.5,480.0,0.0,480.0,864,851,8,5,0.967045454545455,96.7,WORLD_CLASS,0.0,1.82,1.48
5,Gearbox,1310,2026-10-15,DAY,100.0,100.0,96.94,480.0,0.0,480.0,654,634,12,8,0.969418960244648,96.94,WORLD_CLASS,0.0,0.0,3.06
5,Gearbox,1315,2026-10-15,SWING,100.0,100.0,96.88,480.0,0.0,480.0,641,621,12,8,0.968798751950078,96.88,WORLD_CLASS,0.0,0.0,3.12
5,Gearbox,1320,2026-10-15,NIGHT,100.0,100.0,96.88,480.0,0.0,480.0,641,621,12,8,0.968798751950078,96.88,WORLD_CLASS,0.0,0.0,3.12
1,Bearing,1321,2026-10-16,DAY,95.9,100.0,97.92,480.0,19.69,460.31,963,943,12,8,0.939062673070267,93.91,WORLD_CLASS,4.1,0.0,1.99
1,Bearing,1326,2026-10-16,SWING,100.0,96.46,97.95,480.0,0.0,480.0,926,907,12,7,0.944791666666667,94.48,WORLD_CLASS,0.0,3.54,1.98
1,Bearing,1331,2026-10-16,NIGHT,100.0,100.0,97.93,480.0,0.0,480.0,1014,993,13,8,0.979289940828402,97.93,WORLD_CLASS,0.0,0.0,2.07
2,Shaft,1322,2026-10-16,DAY,100.0,100.0,98.88,480.0,0.0,480.0,803,794,6,3,0.98879202988792,98.88,WORLD_CLASS,0.0,0.0,1.12
2,Shaft,1327,2026-10-16,SWING,100.0,100.0,98.94,480.0,0.0,480.0,853,844,6,3,0.989449003516999,98.94,WORLD_CLASS,0.0,0.0,1.06
2,Shaft,1332,2026-10-16,NIGHT,100.0,100.0,99.0,480.0,0.0,480.0,800,792,5,3,0.99,99.0,WORLD_CLASS,0.0,0.0,1.0
3,"Motor Housing",1323,2026-10-16,DAY,100.0,94.03,97.49,480.0,0.0,480.0,677,660,11,6,0.916666666666667,91.67,WORLD_CLASS,0.0,5.97,2.36
3,"Motor Housing",1328,2026-10-16,SWING,100.0,100.0,97.4,480.0,0.0,480.0,731,712,12,7,0.974008207934337,97.4,WORLD_CLASS,0.0,0.0,2.6
3,"Motor Housing",1333,2026-10-16,NIGHT,100.0,90.28,97.38,480.0,0.0,480.0,650,633,11,6,0.879166666666667,87.92,WORLD_CLASS,0.0,9.72,2.36
4,Coupling,1324,2026-10-16,DAY,100.0,100.0,98.47,480.0,0.0,480.0,917,903,9,5,0.984732824427481,98.47,WORLD_CLASS,0.0,0.0,1.53
4,Coupling,1329,2026-10-16,SWING,100.0,100.0,98.43,480.0,0.0,480.0,893,879,9,5,0.984322508398656,98.43,WORLD_CLASS,0.0,0.0,1.57
4,Coupling,1334,2026-10-16,NIGHT,100.0,100.0,98.43,480.0,0.0,480.0,894,880,9,5,0.984340044742729,98.43,WORLD_CLASS,0.0,0.0,1.57
5,Gearbox,1325,2026-10-16,DAY,100.0,91.41,96.92,480.0,0.0,480.0,585,567,11,7,0.8859375,88.59,WORLD_CLASS,0.0,8.59,2.81
5,Gearbox,1330,2026-10-16,SWING,100.0,100.0,96.9,480.0,0.0,480.0,645,625,12,8,0.968992248062015,96.9,WORLD_CLASS,0.0,0.0,3.1
5,Gearbox,1335,2026-10-16,NIGHT,100.0,85.0,96.88,480.0,0.0,480.0,544,527,11,6,0.8234375,82.34,ACCEPTABLE,0.0,15.0,2.66
1,Bearing,1336,2026-10-17,DAY,100.0,89.79,97.91,480.0,0.0,480.0,862,844,11,7,0.879166666666667,87.92,WORLD_CLASS,0.0,10.21,1.87
1,Bearing,1341,2026-10-17,SWING,100.0,100.0,97.93,480.0,0.0,480.0,967,947,12,8,0.979317476732161,97.93,WORLD_CLASS,0.0,0.0,2.07
1,Bearing,1346,2026-10-17,NIGHT,100.0,100.0,97.94,480.0,0.0,480.0,970,950,12,8,0.979381443298969,97.94,WORLD_CLASS,0.0,0.0,2.06
2,Shaft,1337,2026-10-17,DAY,100.0,100.0,98.96,480.0,0.0,480.0,867,858,6,3,0.98961937716263,98.96,WORLD_CLASS,0.0,0.0,1.04
2,Shaft,1342,2026-10-17,SWING,100.0,100.0,98.93,480.0,0.0,480.0,843,834,6,3,0.98932384341637,98.93,WORLD_CLASS,0.0,0.0,1.07
2,Shaft,1347,2026-10-17,NIGHT,100.0,100.0,98.89,480.0,0.0,480.0,813,804,6,3,0.988929889298893,98.89,WORLD_CLASS,0.0,0.0,1.11
3,"Motor Housing",1338,2026-10-17,DAY,100.0,100.0,97.5,480.0,0.0,480.0,760,741,12,7,0.975,97.5,WORLD_CLASS,0.0,0.0,2.5
3,"Motor Housing",1343,2026-10-17,SWING,100.0,96.39,97.41,480.0,0.0,480.0,694,676,11,7,0.938888888888889,93.89,WORLD_CLASS,0.0,3.61,2.5
3,"Motor Housing",1348,2026-10-17,NIGHT,100.0,98.33,97.46,480.0,0.0,480.0,708,690,11,7,0.958333333333333,95.83,WORLD_CLASS,0.0,1.67,2.5
4,Coupling,1339,2026-10-17,DAY,100.0,97.95,98.49,480.0,0.0,480.0,862,849,8,5,0.964772727272727,96.48,WORLD_CLASS,0.0,2.05,1.48
4,Coupling,1344,2026-10-17,SWING,100.0,95.8,98.46,480.0,0.0,480.0,843,830,8,5,0.943181818181818,94.32,WORLD_CLASS,0.0,4.2,1.48
4,Coupling,1349,2026-10-17,NIGHT,97.69,100.0,98.44,480.0,11.11,468.89,896,882,9,5,0.9615908203125,96.16,WORLD_CLASS,2.31,0.0,1.53
5,Gearbox,1340,2026-10-17,DAY,100.0,99.84,96.87,480.0,0.0,480.0,639,619,12,8,0.9671875,96.72,WORLD_CLASS,0.0,0.16,3.13
5,Gearbox,1345,2026-10-17,SWING,100.0,97.03,96.94,480.0,0.0,480.0,621,602,12,7,0.940625,94.06,WORLD_CLASS,0.0,2.97,2.97
5,Gearbox,1350,2026-10-17,NIGHT,100.0,95.0,96.88,480.0,0.0,480.0,608,589,12,7,0.9203125,92.03,WORLD_CLASS,0.0,5.0,2.97
